Class,ID,Num,x,y
Bramble,"1","0",29.9408530000,-29.6678510000
Bramble,"1","1",29.9388050000,-29.6781650000
Bramble,"1","2",29.9330380000,-29.6819780000
Bramble,"1","3",29.9155830000,-29.6634590000
Bramble,"1","4",29.9268230000,-29.6666940000
Bramble,"1","5",29.9201290000,-29.6773850000
Bramble,"1","6",29.9474290000,-29.6548990000
Bramble,"1","7",29.9772120000,-29.6752440000
Bramble,"1","8",29.9346720000,-29.6772310000
Bramble,"1","9",29.9311880000,-29.6862620000
Bramble,"1","10",29.9176520000,-29.6553290000
Bramble,"1","11",29.9634170000,-29.6432190000
Bramble,"1","12",29.9690990000,-29.6439280000
Bramble,"1","13",29.9929220000,-29.6977480000
Bramble,"1","14",30.0118160000,-29.7083070000
Bramble,"1","15",30.0724380000,-29.5581230000
Bramble,"1","16",30.0505440000,-29.5386080000
Bramble,"1","17",30.0495480000,-29.5378410000
Bramble,"1","18",30.3226080000,-29.2683160000
Bramble,"1","19",30.2672620000,-29.2388110000
Bramble,"1","20",30.2601830000,-29.2541500000
Bramble,"1","21",30.2839690000,-29.2795100000
Bramble,"1","22",30.2840390000,-29.2795250000
Bramble,"1","23",30.2839140000,-29.2796670000
Bramble,"1","24",30.3232640000,-29.2664730000
Bramble,"1","25",30.2770390000,-29.2663140000
Bramble,"1","26",30.3234210000,-29.2680460000
Bramble,"1","27",30.4737750000,-29.2888540000
Bramble,"1","28",30.4838440000,-29.2809970000
Bramble,"1","29",30.4777150000,-29.2784710000
Bramble,"1","30",30.4898030000,-29.2567990000
Bramble,"1","31",30.4893730000,-29.2556160000
Bramble,"1","32",30.4892390000,-29.2547920000
Bramble,"1","33",30.5074940000,-29.2851060000
Bramble,"1","34",30.4828610000,-29.2741870000
Bramble,"1","35",30.4835200000,-29.2726830000
Bramble,"1","36",30.4931610000,-29.2845300000
Bramble,"1","37",30.5030070000,-29.2956280000
Bramble,"1","38",30.5027920000,-29.2954350000
Bramble,"1","39",30.4876530000,-29.2836810000
Bramble,"1","40",30.4883690000,-29.2776110000
Bramble,"1","41",30.0055000000,-29.7256200000
Bramble,"1","42",29.9749000000,-29.6565700000
Bramble,"1","43",29.9049080350,-29.6805669833
Bramble,"1","44",29.9412590079,-29.6689739730
Bramble,"1","45",29.9843073622,-29.7010796112
Bramble,"1","46",30.0163726509,-29.7031369285
Bramble,"1","47",30.0121972086,-29.7088141374
Bramble,"1","48",30.0083174000,-29.6961456924
Bramble,"1","49",29.9917931913,-29.6908075260
Bramble,"1","50",29.9919685296,-29.6909078130
Bramble,"1","51",29.9782926608,-29.6431323888
Bramble,"1","52",29.9780918879,-29.6414560256
Bramble,"1","53",29.9781244278,-29.6407120026
Bramble,"1","54",29.9766162739,-29.6387250080
Bramble,"1","55",29.9827355175,-29.6281451432
Bramble,"1","56",29.9565514774,-29.6428402672
Bramble,"1","57",29.9498795292,-29.6488671264
Bramble,"1","58",29.9409019834,-29.6687002380
Bramble,"1","59",29.9462050572,-29.6722462382
Bramble,"1","60",29.9317212668,-29.6773968276
Bramble,"1","61",29.9347156128,-29.6784079836
Bramble,"1","62",29.9346298411,-29.6786337891
Bramble,"1","63",29.9318020901,-29.6824907411
Bramble,"1","64",29.9216759647,-29.6776730545
Bramble,"1","65",29.9106921655,-29.6980095796
Bramble,"1","66",29.9116308896,-29.6910337377
Bramble,"1","67",30.0554002195,-29.5986731438
Bramble,"1","68",30.0551558624,-29.5433859801
Bramble,"1","69",30.0484491025,-29.5387235051
Bramble,"1","70",30.2424894140,-29.2590490293
Bramble,"1","71",30.2434850391,-29.2571569172
Bramble,"1","72",30.2499562764,-29.2506572234
Bramble,"1","73",30.2677680122,-29.2611293405
Bramble,"1","74",30.2709060757,-29.2699951339
Bramble,"1","75",30.4701291012,-29.2841724904
Bramble,"1","76",30.4840647734,-29.2818805457
Bramble,"1","77",30.4802497338,-29.2801465973
Bramble,"1","78",30.4780359981,-29.2786668220
Bramble,"1","79",30.5077509163,-29.2783132522
Bramble,"1","80",30.4851107368,-29.2785240379
Bramble,"1","81",30.4860324280,-29.2688900031
Woodland,"7","0",29.9157972621,-29.6948013038
Woodland,"7","1",29.9156828984,-29.7025163724
Woodland,"7","2",29.9213171348,-29.7041205568
Woodland,"7","3",29.9237751138,-29.7069944675
Woodland,"7","4",29.9267409007,-29.7048668437
Woodland,"7","5",29.9323361418,-29.6994923825
Woodland,"7","6",29.9355863269,-29.6977329168
Woodland,"7","7",29.9382154779,-29.6949770070
Woodland,"7","8",29.9296463671,-29.6983963307
Woodland,"7","9",29.9284319305,-29.6925925142
Woodland,"7","10",29.9309311535,-29.6911904308
Woodland,"7","11",29.9359798731,-29.6940337231
Woodland,"7","12",29.9436059348,-29.7002312320
Woodland,"7","13",29.9408251852,-29.6977378371
Woodland,"7","14",29.9335856182,-29.6973377080
Woodland,"7","15",29.9262821439,-29.7068072365
Woodland,"7","16",29.9309842607,-29.7016059044
Woodland,"7","17",29.9188981284,-29.6897996650
Woodland,"7","18",29.9150879607,-29.6861576912
Woodland,"7","19",29.9303226699,-29.6586414385
Woodland,"7","20",29.9267031069,-29.6599400350
Woodland,"7","21",29.9218794111,-29.6599701406
Woodland,"7","22",29.9250417173,-29.6605733585
Woodland,"7","23",29.9663962394,-29.6308263502
Woodland,"7","24",29.9653096925,-29.6320419081
Woodland,"7","25",29.9638640845,-29.6329003574
Woodland,"7","26",29.9620326202,-29.6338016288
Woodland,"7","27",29.9626282200,-29.6351461634
Woodland,"7","28",29.9648107705,-29.6363461597
Woodland,"7","29",29.9639073629,-29.6339221228
Woodland,"7","30",29.9608973445,-29.6346671573
Woodland,"7","31",29.9732130529,-29.6244440682
Woodland,"7","32",29.9726747375,-29.6261244577
Woodland,"7","33",29.9721017259,-29.6274810200
Woodland,"7","34",29.9718831092,-29.6293496054
Woodland,"7","35",29.9739933936,-29.6290101694
Woodland,"7","36",29.9785431956,-29.6277055579
Woodland,"7","37",29.9747977345,-29.6273358474
Woodland,"7","38",29.9743286274,-29.6252189731
Woodland,"7","39",29.9251653704,-29.7020522572
Woodland,"7","40",29.9302845640,-29.7006464499
Woodland,"7","41",29.9233686804,-29.7056412504
Woodland,"7","42",29.9263639965,-29.6976870113
Woodland,"7","43",29.9216045941,-29.6994305230
Woodland,"7","44",29.9596034434,-29.6442508127
Woodland,"7","45",29.9660472091,-29.6440625844
Woodland,"7","46",29.9722050538,-29.6415675283
Woodland,"7","47",29.9738047626,-29.6437166981
Woodland,"7","48",29.9706075358,-29.6300892666
Woodland,"7","49",29.9487881925,-29.6439052615
Woodland,"7","50",29.9751191820,-29.6203560082
Woodland,"7","51",30.0037282485,-29.6917359111
Woodland,"7","52",30.0050251082,-29.6936647017
Woodland,"7","53",30.0068022571,-29.6951197935
Woodland,"7","54",30.0053001386,-29.6963650269
Woodland,"7","55",30.0075157371,-29.6965120530
Woodland,"7","56",29.9978435454,-29.6932984864
Woodland,"7","57",29.9975048679,-29.6946087771
Woodland,"7","58",29.9957670501,-29.6933288969
Woodland,"7","59",30.0048986040,-29.6979258841
Woodland,"7","60",30.0068254687,-29.6935891370
Woodland,"7","61",30.0028614441,-29.7050341422
Woodland,"7","62",30.0045052144,-29.7062197474
Woodland,"7","63",30.0055591330,-29.7069898096
Woodland,"7","64",29.9980044019,-29.7073806998
Woodland,"7","65",29.9965040188,-29.7081849183
Woodland,"7","66",30.0008391483,-29.7072463198
Woodland,"7","67",29.9999321489,-29.7080688729
Woodland,"7","68",30.0068811434,-29.7092001980
Woodland,"7","69",30.0081663278,-29.7096605151
Woodland,"7","70",30.0062564741,-29.7109837463
Woodland,"7","71",30.0061411654,-29.7126237616
Woodland,"7","72",30.0177105007,-29.7105107512
Woodland,"7","73",30.0122517863,-29.7094669485
Woodland,"7","74",30.0149942773,-29.7124506982
Woodland,"7","75",30.0149417963,-29.7112235975
Woodland,"7","76",30.0121310267,-29.7116689306
Woodland,"7","77",30.0118053151,-29.7127324328
Woodland,"7","78",30.0170443164,-29.7150166075
Woodland,"7","79",30.0191813457,-29.7133300761
Woodland,"7","80",30.0042485429,-29.7185941776
Woodland,"7","81",30.0149088975,-29.7215195799
Woodland,"7","82",30.0138716873,-29.7190540307
Woodland,"7","83",30.0095922181,-29.7188507576
Woodland,"7","84",29.9967791013,-29.7241037075
Woodland,"7","85",29.9948302527,-29.7235555152
Woodland,"7","86",29.9738576253,-29.7070874546
Woodland,"7","87",29.9755108937,-29.7067424669
Woodland,"7","88",29.9881911050,-29.7008779683
Woodland,"7","89",29.9937083258,-29.6930422993
Woodland,"7","90",29.9854240757,-29.6830563389
Woodland,"7","91",29.9866558184,-29.6831546419
Woodland,"7","92",30.0170802511,-29.7236497131
Woodland,"7","93",30.0683180629,-29.6000339045
Woodland,"7","94",30.0693529791,-29.5972268888
Woodland,"7","95",30.0698748967,-29.5991185543
Woodland,"7","96",30.0707125230,-29.5962296350
Woodland,"7","97",30.0574705935,-29.5783369795
Woodland,"7","98",30.0634633203,-29.5781402485
Woodland,"7","99",30.0630504370,-29.5755531967
Woodland,"7","100",30.0637800095,-29.5725650079
Woodland,"7","101",30.0654116432,-29.5736477765
Woodland,"7","102",30.0652508696,-29.5707755616
Woodland,"7","103",30.0678371743,-29.5695147024
Woodland,"7","104",30.0694732880,-29.5704424570
Woodland,"7","105",30.0687216510,-29.5665298983
Woodland,"7","106",30.0720035547,-29.5611363696
Woodland,"7","107",30.0739745604,-29.5592900017
Woodland,"7","108",30.0552471649,-29.5521984573
Woodland,"7","109",30.0559648834,-29.5530575283
Woodland,"7","110",30.0580659248,-29.5524644772
Woodland,"7","111",30.0715593471,-29.5442634202
Woodland,"7","112",30.0747958836,-29.5442572367
Woodland,"7","113",30.0737407435,-29.5447185594
Woodland,"7","114",30.0762960560,-29.5448911534
Woodland,"7","115",30.0708404177,-29.5538130374
Woodland,"7","116",30.0850751113,-29.5653103978
Woodland,"7","117",30.0734764750,-29.5880723205
Woodland,"7","118",30.0705819972,-29.5846358139
Woodland,"7","119",30.0741551811,-29.5922158445
Woodland,"7","120",30.0799146831,-29.5932150010
Woodland,"7","121",30.0815431929,-29.5874941122
Woodland,"7","122",30.0857383989,-29.5919862813
Woodland,"7","123",30.0689255521,-29.5859366403
Woodland,"7","124",30.0712577737,-29.5888761973
Woodland,"7","125",30.0687743577,-29.5796629507
Woodland,"7","126",30.0752680332,-29.5859312596
Woodland,"7","127",30.0764977214,-29.5888512637
Woodland,"7","128",30.0705671367,-29.5688432932
Woodland,"7","129",30.3549029670,-29.2216081140
Woodland,"7","130",30.3519548998,-29.2228098499
Woodland,"7","131",30.3499230127,-29.2244755612
Woodland,"7","132",30.3534123978,-29.2237110846
Woodland,"7","133",30.3517518288,-29.2212549419
Woodland,"7","134",30.3438930825,-29.2277678287
Woodland,"7","135",30.3469117408,-29.2272655798
Woodland,"7","136",30.3398528114,-29.2293159093
Woodland,"7","137",30.3423438809,-29.2287063366
Woodland,"7","138",30.3419492164,-29.2277291906
Woodland,"7","139",30.3483227909,-29.2299688490
Woodland,"7","140",30.3444289616,-29.2301241807
Woodland,"7","141",30.3540487792,-29.2281824798
Woodland,"7","142",30.3543289149,-29.2336161245
Woodland,"7","143",30.3519059777,-29.2337232314
Woodland,"7","144",30.3497352613,-29.2351923173
Woodland,"7","145",30.3473638720,-29.2341565876
Woodland,"7","146",30.3501380285,-29.2414329086
Woodland,"7","147",30.3454495415,-29.2413156276
Woodland,"7","148",30.3343824112,-29.2367916674
Woodland,"7","149",30.3322310075,-29.2375047900
Woodland,"7","150",30.3376551563,-29.2358779123
Woodland,"7","151",30.3404561326,-29.2344021881
Woodland,"7","152",30.3424013462,-29.2339659240
Woodland,"7","153",30.3265936999,-29.2681331646
Woodland,"7","154",30.3194133374,-29.2713235856
Woodland,"7","155",30.3157975713,-29.2743138961
Woodland,"7","156",30.3123679028,-29.2735664186
Woodland,"7","157",30.3124396387,-29.2699815204
Woodland,"7","158",30.3099925950,-29.2688660463
Woodland,"7","159",30.3112347328,-29.2720896868
Woodland,"7","160",30.2975301793,-29.2845493340
Woodland,"7","161",30.2928648616,-29.2723776825
Woodland,"7","162",30.2915200556,-29.2676203624
Woodland,"7","163",30.2934160413,-29.2661467304
Woodland,"7","164",30.2944006198,-29.2631813121
Woodland,"7","165",30.2969940281,-29.2629236499
Woodland,"7","166",30.4509444769,-29.2567997089
Woodland,"7","167",30.4493118572,-29.2579996097
Woodland,"7","168",30.4548675343,-29.2579601634
Woodland,"7","169",30.5082203386,-29.2370873864
Woodland,"7","170",30.5097525015,-29.2669044707
Woodland,"7","171",30.5192371753,-29.2742607153
Woodland,"7","172",30.5191916283,-29.2749254994
Woodland,"7","173",30.5259681131,-29.2763436908
Woodland,"7","174",30.5268847714,-29.2707254140
Woodland,"7","175",30.4783577725,-29.2806166151
Woodland,"7","176",30.4788340245,-29.2816337293
Woodland,"7","177",30.4790369505,-29.2829752602
Woodland,"7","178",30.4619845793,-29.2798023682
Woodland,"7","179",30.4613366766,-29.2791761365
Woodland,"7","180",30.4787304386,-29.2710707244
Woodland,"7","181",30.4795013540,-29.2714924014
Woodland,"7","182",30.4804656327,-29.2727449002
Woodland,"7","183",30.4816301184,-29.2733484726
Woodland,"7","184",30.4764494606,-29.2721133166
Woodland,"7","185",30.4868956941,-29.2687107571
Woodland,"7","186",30.4663900977,-29.2616025827
Woodland,"7","187",30.4703150208,-29.2605331348
Woodland,"7","188",30.4586278166,-29.2643631657
Woodland,"7","189",30.4610464987,-29.2634139673
Woodland,"7","190",30.4519744215,-29.2595448163
Woodland,"7","191",30.4839492754,-29.2584124711
Woodland,"7","192",30.4585884502,-29.3245712444
Woodland,"7","193",30.3480103638,-29.2257284195
Woodland,"7","194",30.3538682869,-29.2202354595
Woodland,"7","195",30.3364537952,-29.2367489589
Woodland,"7","196",30.3146266751,-29.2730092878
Woodland,"7","197",30.3146680991,-29.2719891432
Woodland,"7","198",30.3204401257,-29.2722213938
Woodland,"7","199",30.3231645272,-29.2706217811
Woodland,"7","200",30.3257707949,-29.2678953697
Woodland,"7","201",30.3141365141,-29.2742788829
Woodland,"7","202",30.2956140063,-29.2852391044
Woodland,"7","203",30.2992971482,-29.2836465073
Woodland,"7","204",30.2902636291,-29.2667790725
Woodland,"7","205",30.2930493787,-29.2637015749
Woodland,"7","206",30.2950187983,-29.2653116985
Woodland,"7","207",30.0705582182,-29.5975604112
Woodland,"7","208",30.0616144215,-29.5742238317
Woodland,"7","209",30.0647180835,-29.5759465288
Woodland,"7","210",30.0671572685,-29.5679372035
Woodland,"7","211",30.0703712751,-29.5658373138
Woodland,"7","212",30.0678860394,-29.5740869056
Woodland,"7","213",30.0584627732,-29.5768762002
Woodland,"7","214",30.0703010676,-29.5793520891
Woodland,"7","215",30.0595775085,-29.5525345810
Woodland,"7","216",30.0056650193,-29.6944388485
Woodland,"7","217",30.0034008121,-29.6929404128
Woodland,"7","218",30.0040645366,-29.6965045012
Woodland,"7","219",30.0066702015,-29.6978039111
Woodland,"7","220",29.9344702096,-29.6990110026
Woodland,"7","221",29.9283616037,-29.7052091945
Woodland,"7","222",29.9248403530,-29.7041971023
Woodland,"7","223",29.9283898626,-29.6978018834
Woodland,"7","224",29.9287010512,-29.6914692588
Woodland,"7","225",29.9317218244,-29.6920561590
Woodland,"7","226",29.9315808135,-29.6953950969
Woodland,"7","227",29.9310988308,-29.6969688844
Woodland,"7","228",29.9293930849,-29.7024422267
Woodland,"7","229",29.9279760115,-29.7036152830
Woodland,"7","230",29.9250773409,-29.7083975778
Woodland,"7","231",29.9178572646,-29.7008819489
Woodland,"7","232",29.9198688789,-29.7035043382
Woodland,"7","233",29.9180470438,-29.7043577593
Woodland,"7","234",29.9407664102,-29.7012412867
Woodland,"7","235",29.9420302547,-29.6999094916
Woodland,"7","236",29.9386659697,-29.7002279471
Woodland,"7","237",29.9378850803,-29.6973500459
Woodland,"7","238",29.9404533013,-29.6939983141
Woodland,"7","239",29.9387181127,-29.6939581891
Woodland,"7","240",29.9359140424,-29.6959778754
Woodland,"7","241",29.9337714017,-29.6983056974
Woodland,"7","242",29.9302056862,-29.6955182574
Woodland,"7","243",29.9331338897,-29.6913653159
Grassland,"6","0",29.9132277896,-29.6982094640
Grassland,"6","1",29.9138199613,-29.6983906595
Grassland,"6","2",29.9152410031,-29.6980201016
Grassland,"6","3",29.9169703815,-29.6971545589
Grassland,"6","4",29.9182307659,-29.6972429929
Grassland,"6","5",29.9113199795,-29.6993760196
Grassland,"6","6",29.9174584344,-29.6966834676
Grassland,"6","7",29.9166339239,-29.6982002559
Grassland,"6","8",29.9187155091,-29.6961416666
Grassland,"6","9",29.9155965410,-29.6974573136
Grassland,"6","10",29.9356823799,-29.7006931887
Grassland,"6","11",29.9374385785,-29.7007978458
Grassland,"6","12",29.9451020019,-29.7021023809
Grassland,"6","13",29.9397176759,-29.6909157166
Grassland,"6","14",29.9470387015,-29.6809628081
Grassland,"6","15",29.9272592459,-29.6852756643
Grassland,"6","16",29.9215667238,-29.6667212040
Grassland,"6","17",29.9176727945,-29.6541161352
Grassland,"6","18",29.9220537799,-29.6651669820
Grassland,"6","19",29.9236973638,-29.6645060939
Grassland,"6","20",29.9233702832,-29.6656209616
Grassland,"6","21",29.9187450935,-29.6620180294
Grassland,"6","22",29.9674355104,-29.6703101211
Grassland,"6","23",29.9617013068,-29.6727781121
Grassland,"6","24",29.9604944733,-29.6712931519
Grassland,"6","25",29.9626740155,-29.6704274530
Grassland,"6","26",29.9655407427,-29.6688291402
Grassland,"6","27",29.9656925624,-29.6724068584
Grassland,"6","28",29.9628852683,-29.6679017797
Grassland,"6","29",29.9491045528,-29.6465433956
Grassland,"6","30",29.9504038575,-29.6484982717
Grassland,"6","31",29.9486538084,-29.6444849765
Grassland,"6","32",29.9504719431,-29.6436258988
Grassland,"6","33",29.9631651023,-29.6452762650
Grassland,"6","34",29.9689003187,-29.6491098651
Grassland,"6","35",29.9671309865,-29.6500343178
Grassland,"6","36",29.9697957243,-29.6585336870
Grassland,"6","37",29.9777050205,-29.6703726050
Grassland,"6","38",29.9795664945,-29.6744816639
Grassland,"6","39",29.9789997640,-29.6726963735
Grassland,"6","40",29.9758758460,-29.6520066050
Grassland,"6","41",29.9758791353,-29.6394622860
Grassland,"6","42",29.9749054666,-29.6375347683
Grassland,"6","43",29.9748210123,-29.6362134135
Grassland,"6","44",29.9769951346,-29.6362531851
Grassland,"6","45",29.9760644301,-29.6376006086
Grassland,"6","46",29.9766960259,-29.6413566811
Grassland,"6","47",29.9775286025,-29.6436699052
Grassland,"6","48",29.9800440848,-29.6368150331
Grassland,"6","49",29.9667127133,-29.6277176588
Grassland,"6","50",29.9664330751,-29.6287746735
Grassland,"6","51",29.9706814769,-29.6276607380
Grassland,"6","52",29.9698845204,-29.6294345737
Grassland,"6","53",29.9689060363,-29.6267339633
Grassland,"6","54",29.9682931661,-29.6249968166
Grassland,"6","55",29.9685945796,-29.6288536726
Grassland,"6","56",29.9784075356,-29.6187783327
Grassland,"6","57",29.9747365637,-29.6198171015
Grassland,"6","58",29.9585216174,-29.6357024404
Grassland,"6","59",29.9592821279,-29.6375857864
Grassland,"6","60",29.9652677824,-29.6478894381
Grassland,"6","61",29.9774303172,-29.6488419829
Grassland,"6","62",29.9727235682,-29.6520576822
Grassland,"6","63",29.9511710988,-29.6505295092
Grassland,"6","64",29.9531435937,-29.6512838307
Grassland,"6","65",29.9549044566,-29.6527028114
Grassland,"6","66",29.9613339000,-29.6624112976
Grassland,"6","67",29.9600243082,-29.6609732117
Grassland,"6","68",29.9728551860,-29.6670420398
Grassland,"6","69",29.9571893977,-29.6635789337
Grassland,"6","70",29.9515881512,-29.6608999175
Grassland,"6","71",29.9409887811,-29.6559440719
Grassland,"6","72",29.9386383610,-29.6550134480
Grassland,"6","73",29.9474770109,-29.6554586745
Grassland,"6","74",29.9484111843,-29.6547614187
Grassland,"6","75",29.9386867656,-29.6540668624
Grassland,"6","76",29.9382565546,-29.6574760380
Grassland,"6","77",29.9420329819,-29.6563620359
Grassland,"6","78",29.9454530089,-29.6580852862
Grassland,"6","79",29.9370327906,-29.6617727151
Grassland,"6","80",29.9255221661,-29.6635392361
Grassland,"6","81",29.9391726498,-29.6703072117
Grassland,"6","82",29.9292765795,-29.6782701331
Grassland,"6","83",29.9268782334,-29.6796421808
Grassland,"6","84",29.9357784083,-29.6750632134
Grassland,"6","85",29.9275999987,-29.6829721795
Grassland,"6","86",29.9296735231,-29.6859790738
Grassland,"6","87",29.9139283102,-29.6718923278
Grassland,"6","88",29.9260686005,-29.6680885613
Grassland,"6","89",29.9256182908,-29.6669556397
Grassland,"6","90",29.9213108450,-29.6614303142
Grassland,"6","91",30.0078523333,-29.7232907890
Grassland,"6","92",30.0066897535,-29.7240718998
Grassland,"6","93",30.0094678725,-29.7224509827
Grassland,"6","94",30.0116056750,-29.7279641290
Grassland,"6","95",30.0136913599,-29.7280112383
Grassland,"6","96",30.0131108604,-29.7270430148
Grassland,"6","97",30.0146564518,-29.7274225392
Grassland,"6","98",30.0159119106,-29.7200757944
Grassland,"6","99",30.0171510331,-29.7216594999
Grassland,"6","100",30.0053554739,-29.7192415205
Grassland,"6","101",30.0061121726,-29.7211097949
Grassland,"6","102",30.0061205340,-29.7158913260
Grassland,"6","103",30.0046549101,-29.7147257997
Grassland,"6","104",30.0020849044,-29.7120090282
Grassland,"6","105",30.0047432240,-29.7090955866
Grassland,"6","106",30.0075235007,-29.7104287011
Grassland,"6","107",29.9992215334,-29.7089212385
Grassland,"6","108",29.9771404834,-29.7080444388
Grassland,"6","109",29.9692630685,-29.7119504732
Grassland,"6","110",30.0034852957,-29.6901223738
Grassland,"6","111",30.0128237761,-29.6996138583
Grassland,"6","112",30.0133560492,-29.7010634723
Grassland,"6","113",29.9755719928,-29.6894013511
Grassland,"6","114",29.9666863169,-29.7122581963
Grassland,"6","115",29.9723343813,-29.7112306237
Grassland,"6","116",30.0061242075,-29.7151504579
Grassland,"6","117",29.9345146359,-29.6880432914
Grassland,"6","118",30.0577637107,-29.5988412771
Grassland,"6","119",30.0579686541,-29.6026467233
Grassland,"6","120",30.0508930479,-29.5972116367
Grassland,"6","121",30.0581637022,-29.5943796602
Grassland,"6","122",30.0622092560,-29.5916334208
Grassland,"6","123",30.0592453778,-29.5912723329
Grassland,"6","124",30.0651012967,-29.5991417234
Grassland,"6","125",30.0676121508,-29.5980353284
Grassland,"6","126",30.0651445991,-29.6023133907
Grassland,"6","127",30.0692497875,-29.6052991826
Grassland,"6","128",30.0631996566,-29.6072134796
Grassland,"6","129",30.0611499898,-29.6048441978
Grassland,"6","130",30.0525783563,-29.6012469306
Grassland,"6","131",30.0541868342,-29.5978559593
Grassland,"6","132",30.0727134306,-29.5965725127
Grassland,"6","133",30.0752411951,-29.5948755204
Grassland,"6","134",30.0760436186,-29.5975223560
Grassland,"6","135",30.0805458164,-29.5957309181
Grassland,"6","136",30.0820390252,-29.5978710377
Grassland,"6","137",30.0850754334,-29.5957222321
Grassland,"6","138",30.0532782988,-29.5911300531
Grassland,"6","139",30.0550609833,-29.5879398664
Grassland,"6","140",30.0658076466,-29.5879810842
Grassland,"6","141",30.0623105991,-29.5858062871
Grassland,"6","142",30.0548712111,-29.5843907720
Grassland,"6","143",30.0640636841,-29.5832356611
Grassland,"6","144",30.0592927083,-29.5803236159
Grassland,"6","145",30.0649884146,-29.5797013770
Grassland,"6","146",30.0580523176,-29.5757074531
Grassland,"6","147",30.0665563538,-29.5920841241
Grassland,"6","148",30.0707651796,-29.5938117369
Grassland,"6","149",30.0981750153,-29.5543414899
Grassland,"6","150",30.0942354398,-29.5578002669
Grassland,"6","151",30.0933891041,-29.5610017365
Grassland,"6","152",30.0885520349,-29.5662820643
Grassland,"6","153",30.0869964895,-29.5696550103
Grassland,"6","154",30.1070081223,-29.5654843310
Grassland,"6","155",30.1030899226,-29.5658222868
Grassland,"6","156",30.1035412258,-29.5669793285
Grassland,"6","157",30.1075394225,-29.5669976024
Grassland,"6","158",30.1139756801,-29.5601093020
Grassland,"6","159",30.1140626616,-29.5621987969
Grassland,"6","160",30.1123561510,-29.5620041241
Grassland,"6","161",30.1055699088,-29.5618070659
Grassland,"6","162",30.0687491273,-29.5641795347
Grassland,"6","163",30.0699815246,-29.5628478653
Grassland,"6","164",30.0723420636,-29.5645739480
Grassland,"6","165",30.0603697459,-29.5512325481
Grassland,"6","166",30.0571981612,-29.5507930167
Grassland,"6","167",30.0521730020,-29.5493226477
Grassland,"6","168",30.0514574301,-29.5454615345
Grassland,"6","169",30.0678202075,-29.5368828529
Grassland,"6","170",30.0694472124,-29.5366922887
Grassland,"6","171",30.0714452122,-29.5345700233
Grassland,"6","172",30.1032691354,-29.5802497750
Grassland,"6","173",30.1065749591,-29.5765209193
Grassland,"6","174",30.0927201127,-29.5635153242
Grassland,"6","175",30.2854307600,-29.2613210129
Grassland,"6","176",30.2753928676,-29.2713784946
Grassland,"6","177",30.2767170172,-29.2739660412
Grassland,"6","178",30.2790469343,-29.2767513429
Grassland,"6","179",30.2821633512,-29.2786859747
Grassland,"6","180",30.2852364796,-29.2797136191
Grassland,"6","181",30.2881096653,-29.2806583483
Grassland,"6","182",30.2904721678,-29.2813759934
Grassland,"6","183",30.2871710509,-29.2838695098
Grassland,"6","184",30.2861856593,-29.2778026556
Grassland,"6","185",30.2783226023,-29.2701776605
Grassland,"6","186",30.2757798230,-29.2661077405
Grassland,"6","187",30.2821542312,-29.2637558442
Grassland,"6","188",30.2865408727,-29.2626632374
Grassland,"6","189",30.2771437937,-29.2595667801
Grassland,"6","190",30.2786854347,-29.2569096234
Grassland,"6","191",30.2757333854,-29.2572729293
Grassland,"6","192",30.2782360383,-29.2615783847
Grassland,"6","193",30.2825703697,-29.2599136410
Grassland,"6","194",30.2423033078,-29.2550605467
Grassland,"6","195",30.2436187590,-29.2537483530
Grassland,"6","196",30.2413152757,-29.2575612581
Grassland,"6","197",30.2395293812,-29.2646740684
Grassland,"6","198",30.2599630919,-29.2375740976
Grassland,"6","199",30.2572783438,-29.2384595271
Grassland,"6","200",30.2630645050,-29.2298920326
Grassland,"6","201",30.2782199169,-29.2380210274
Grassland,"6","202",30.3278565167,-29.2525840578
Grassland,"6","203",30.3193924598,-29.2511539064
Grassland,"6","204",30.3163078111,-29.2237527333
Grassland,"6","205",30.3182573669,-29.2376830926
Grassland,"6","206",30.3214126722,-29.2428527915
Grassland,"6","207",30.2919636288,-29.2878051681
Grassland,"6","208",30.2822661330,-29.2661586336
Grassland,"6","209",30.4626147053,-29.2716862124
Grassland,"6","210",30.4633902105,-29.2803637485
Grassland,"6","211",30.4642694210,-29.2796473125
Grassland,"6","212",30.4710190581,-29.2847429076
Grassland,"6","213",30.4705912218,-29.2819315282
Grassland,"6","214",30.4846141480,-29.2833746145
Grassland,"6","215",30.4805958627,-29.2843699427
Grassland,"6","216",30.4797553432,-29.2806828472
Grassland,"6","217",30.4864535233,-29.2786262926
Grassland,"6","218",30.4829349324,-29.2754871090
Grassland,"6","219",30.4834128235,-29.2742939124
Grassland,"6","220",30.4840486176,-29.2739624047
Grassland,"6","221",30.4817786571,-29.2729076313
Grassland,"6","222",30.4490254240,-29.2590564557
Grassland,"6","223",30.4981846949,-29.2486777249
Grassland,"6","224",30.4983332489,-29.2460350816
Grassland,"6","225",30.4982534043,-29.2451628589
Grassland,"6","226",30.4981747630,-29.2577347638
Grassland,"6","227",30.4984568458,-29.2591232362
Grassland,"6","228",30.4985983838,-29.2605755585
Grassland,"6","229",30.4986927397,-29.2643113840
Grassland,"6","230",30.4986998380,-29.2655765167
Grassland,"6","231",30.4985358844,-29.2679843323
Grassland,"6","232",30.4943949142,-29.2841762283
Grassland,"6","233",30.4901383654,-29.2881110215
Grassland,"6","234",30.4864834989,-29.2918076883
Grassland,"6","235",30.4848418550,-29.2951820824
Grassland,"6","236",30.5120037815,-29.2728508328
Grassland,"6","237",30.5112570623,-29.2727224239
Grassland,"6","238",30.4944168115,-29.2881969205
Grassland,"6","239",30.5014719981,-29.2943706489
Grassland,"6","240",30.5022119569,-29.2956476460
Grassland,"6","241",30.5015426995,-29.2916406868
Grassland,"6","242",30.0155894292,-29.7131388634
Grassland,"6","243",30.0149201324,-29.7140799463
Grassland,"6","244",29.9885923633,-29.6449445426
Grassland,"6","245",30.0792764047,-29.5535212135
Grassland,"6","246",30.0817644417,-29.5514588776
Grassland,"6","247",30.2754036664,-29.2624364003
Grassland,"6","248",30.2791065176,-29.2657341583
Grassland,"6","249",30.4908384655,-29.2936373266
Grassland,"6","250",30.4982741866,-29.2497228590
Grassland,"6","251",30.4982245584,-29.2510047148
Grassland,"6","252",30.4978008203,-29.2432871445
Grassland,"6","253",29.9677512784,-29.6547789403
Grassland,"6","254",29.9666670891,-29.6568925701
Grassland,"6","255",29.9704111550,-29.6566035482
Grassland,"6","256",29.9700849834,-29.6541604421
Ground,"4","0",29.9259067140,-29.6831368345
Ground,"4","1",29.9263749967,-29.6801019529
Ground,"4","2",29.9311903762,-29.6843146154
Ground,"4","3",29.9396244210,-29.6896939250
Ground,"4","4",29.9367354486,-29.6713705200
Ground,"4","5",29.9363677068,-29.6688741921
Ground,"4","6",29.9343846393,-29.6611564274
Ground,"4","7",29.9113063223,-29.6667313699
Ground,"4","8",29.9227736544,-29.6560099961
Ground,"4","9",29.9238027201,-29.6571383170
Ground,"4","10",29.9332590535,-29.6529267993
Ground,"4","11",29.9324299847,-29.6534392992
Ground,"4","12",29.9487922409,-29.6530098243
Ground,"4","13",29.9665666723,-29.6588614902
Ground,"4","14",29.9727661414,-29.6647413422
Ground,"4","15",29.9775943923,-29.6432392553
Ground,"4","16",29.9768583305,-29.6408396156
Ground,"4","17",29.9835625838,-29.6357540759
Ground,"4","18",29.9856595174,-29.6466378821
Ground,"4","19",29.9813482510,-29.6486386592
Ground,"4","20",29.9798066130,-29.6547099769
Ground,"4","21",29.9706347427,-29.6544365265
Ground,"4","22",29.9834494546,-29.6876514829
Ground,"4","23",29.9882378108,-29.6885515194
Ground,"4","24",29.9766644443,-29.7095427962
Ground,"4","25",29.9882989286,-29.7116231717
Ground,"4","26",29.9927471800,-29.7098469618
Ground,"4","27",29.9956379040,-29.7114429420
Ground,"4","28",29.9935835109,-29.7135739864
Ground,"4","29",29.9935709630,-29.7196046636
Ground,"4","30",29.9961715538,-29.7211669719
Ground,"4","31",29.9802983914,-29.7161908801
Ground,"4","32",30.0180494548,-29.7199322623
Ground,"4","33",30.0136297936,-29.7222006559
Ground,"4","34",30.0147324193,-29.7235679594
Ground,"4","35",30.0057604725,-29.7257119193
Ground,"4","36",30.0009202632,-29.7110721044
Ground,"4","37",30.0148569953,-29.7019009294
Ground,"4","38",30.0722771221,-29.5954849131
Ground,"4","39",30.0776441932,-29.5945660664
Ground,"4","40",30.0778896971,-29.5928252764
Ground,"4","41",30.0743527630,-29.5931871373
Ground,"4","42",30.0749108554,-29.5942793315
Ground,"4","43",30.0639289668,-29.6053081157
Ground,"4","44",30.0629331031,-29.6044195331
Ground,"4","45",30.0596285202,-29.6046548327
Ground,"4","46",30.0651796547,-29.6033664194
Ground,"4","47",30.0684925506,-29.6028423188
Ground,"4","48",30.0646917224,-29.6072418688
Ground,"4","49",30.0572213695,-29.6016670617
Ground,"4","50",30.0635987060,-29.5993401374
Ground,"4","51",30.0566886289,-29.5946672309
Ground,"4","52",30.0511765817,-29.5925622887
Ground,"4","53",30.0528747269,-29.5953801334
Ground,"4","54",30.0607237814,-29.5896921238
Ground,"4","55",30.0637035470,-29.5926137293
Ground,"4","56",30.0640268437,-29.5957128205
Ground,"4","57",30.0659119328,-29.5972775299
Ground,"4","58",30.0608086031,-29.5966065350
Ground,"4","59",30.0670439699,-29.5944994755
Ground,"4","60",30.0550488346,-29.5863495973
Ground,"4","61",30.0807661195,-29.6005266044
Ground,"4","62",30.0885781198,-29.5950461446
Ground,"4","63",30.0857351269,-29.5953053752
Ground,"4","64",30.0867130849,-29.5969516196
Ground,"4","65",30.0724006633,-29.5769096876
Ground,"4","66",30.0758366561,-29.5749504137
Ground,"4","67",30.0719946051,-29.5743273827
Ground,"4","68",30.0824200719,-29.5753054100
Ground,"4","69",30.0835470996,-29.5778969806
Ground,"4","70",30.0749598223,-29.5660359631
Ground,"4","71",30.0700690222,-29.5601380460
Ground,"4","72",30.0748034270,-29.5563561877
Ground,"4","73",30.0779435228,-29.5536944420
Ground,"4","74",30.0642252668,-29.5503457558
Ground,"4","75",30.0665211703,-29.5529961132
Ground,"4","76",30.0689407306,-29.5565682186
Ground,"4","77",30.0656207076,-29.5623242695
Ground,"4","78",30.0609993827,-29.5611454121
Ground,"4","79",30.0554473961,-29.5589216739
Ground,"4","80",30.0567036603,-29.5622055893
Ground,"4","81",30.0668862322,-29.5486780715
Ground,"4","82",30.0728724353,-29.5470311692
Ground,"4","83",30.1097509783,-29.5646843823
Ground,"4","84",30.1111865718,-29.5629234538
Ground,"4","85",30.1069940470,-29.5766329057
Ground,"4","86",30.1065278355,-29.5760614528
Ground,"4","87",30.4547431922,-29.3124524893
Ground,"4","88",30.4702662371,-29.3002985499
Ground,"4","89",30.4891553176,-29.3046998854
Ground,"4","90",30.4912205841,-29.3084682353
Ground,"4","91",30.4921213958,-29.2961409905
Ground,"4","92",30.4545206506,-29.3069328504
Ground,"4","93",30.4819155056,-29.3066646184
Ground,"4","94",30.4882864534,-29.2692005872
Ground,"4","95",30.4967529422,-29.2671795861
Ground,"4","96",30.4992109717,-29.2548025622
Ground,"4","97",30.5189397542,-29.2365487218
Ground,"4","98",30.5315707727,-29.2380432925
Ground,"4","99",30.5355647620,-29.2388261446
Ground,"4","100",30.5148001896,-29.2306476309
Ground,"4","101",30.5061755866,-29.2309926092
Ground,"4","102",30.5104914295,-29.2883001848
Ground,"4","103",30.5144793286,-29.2856955050
Ground,"4","104",30.4872817022,-29.2756788076
Ground,"4","105",30.3524992758,-29.2494383381
Ground,"4","106",30.3337714043,-29.2579427156
Ground,"4","107",30.3142983619,-29.2513021926
Ground,"4","108",30.3249787169,-29.2494154526
Ground,"4","109",30.3078697825,-29.2726291273
Ground,"4","110",30.2957021334,-29.2728822686
Ground,"4","111",30.2963070397,-29.2760722365
Ground,"4","112",30.2960816946,-29.2812150517
Ground,"4","113",30.3012877149,-29.2723387053
Ground,"4","114",30.3039862935,-29.2779345420
Ground,"4","115",30.2997097794,-29.2788066993
Ground,"4","116",30.2874521718,-29.2608970193
Ground,"4","117",30.2932703998,-29.2557626098
Ground,"4","118",30.2744488805,-29.2339961164
Ground,"4","119",30.2742317106,-29.2286342341
Ground,"4","120",30.2671835067,-29.2307882424
Ground,"4","121",30.2657728287,-29.2219091173
Ground,"4","122",30.2681950370,-29.2231404245
Ground,"4","123",30.2648692441,-29.2266177831
Ground,"4","124",30.2985517638,-29.2322925618
Ground,"4","125",30.2991135995,-29.2359806385
Ground,"4","126",30.3021710564,-29.2312889073
Ground,"4","127",30.3042316845,-29.2406273564
Ground,"4","128",30.2997314628,-29.2409566973
Ground,"4","129",30.3306315190,-29.2289320272
Ground,"4","130",30.3301668732,-29.2243399105
Ground,"4","131",30.2633932786,-29.2404538558
Ground,"4","132",30.2594110086,-29.2421317886
Ground,"4","133",30.2724278121,-29.2537432792
Ground,"4","134",30.2888596856,-29.2563625522
Ground,"4","135",30.2916003484,-29.2583352806
Ground,"4","136",30.2918489870,-29.2613998609
Ground,"4","137",30.4861313889,-29.3045970019
Ground,"4","138",30.4957999110,-29.3001037225
Ground,"4","139",30.4608132681,-29.3020954169
Ground,"4","140",30.4602339410,-29.3061290290
Ground,"4","141",30.4905180639,-29.2992166015
Ground,"4","142",30.0793944930,-29.5911729429
Ground,"4","143",30.0827500987,-29.5896712661
Ground,"4","144",30.0679955102,-29.5841992719
Ground,"4","145",30.0761625145,-29.5620859145
Ground,"4","146",30.0755766828,-29.5610489178
Ground,"4","147",30.0922502259,-29.5582904495
Ground,"4","148",30.0941522424,-29.5592577310
Ground,"4","149",30.1022165490,-29.5692483458
Ground,"4","150",30.1024129343,-29.5672372556
Ground,"4","151",29.9681503078,-29.6457197541
Ground,"4","152",29.9607746274,-29.6436421950
Ground,"4","153",29.9572595766,-29.6477035552
Ground,"4","154",29.9190629620,-29.6553787049
Ground,"4","155",29.9207470788,-29.6963910722
Ground,"4","156",29.9219139490,-29.6948625251
Ground,"4","157",29.9864462096,-29.7015761732
Ground,"4","158",29.9268395989,-29.6691602750
Ground,"4","159",29.9274480347,-29.6748545626
Ground,"4","160",29.9081657159,-29.6643421185
Ground,"4","161",29.9081628961,-29.6634520724
Ground,"4","162",29.9301326204,-29.6638354593
Ground,"4","163",29.9343049535,-29.6639266441
Ground,"4","164",29.9264195380,-29.6779292342
Ground,"4","165",29.9271103946,-29.6801748885
Ground,"4","166",29.9264241136,-29.6816468260
Ground,"4","167",29.9274022303,-29.6812888126
Ground,"4","168",29.9246879254,-29.6910938448
Ground,"4","169",29.9121779669,-29.7004320721
Ground,"4","170",29.9136693180,-29.7018190635
Ground,"4","171",29.9121262058,-29.7018771476
Ground,"4","172",29.9115207135,-29.7003707851
Ground,"4","173",29.9180967326,-29.6982463654
Ground,"4","174",29.9170058309,-29.6981881345
Ground,"4","175",29.9217550261,-29.6960515811
Ground,"4","176",29.9585220984,-29.6640411468
Ground,"4","177",29.9605882584,-29.6614016177
Ground,"4","178",29.9606955542,-29.6622486803
Ground,"4","179",29.9727644377,-29.6664962238
Ground,"4","180",29.9718282633,-29.6644098056
Ground,"4","181",29.9746947718,-29.6576003168
Ground,"4","182",29.9665225971,-29.6387435002
Ground,"4","183",29.9749163027,-29.6358851852
Ground,"4","184",29.9764176673,-29.6352630203
Ground,"4","185",29.9757650594,-29.6387436251
Ground,"4","186",29.9895128933,-29.6412076178
Ground,"4","187",29.9888339496,-29.6386889828
Ground,"4","188",29.9844877714,-29.6309755039
Ground,"4","189",29.9841730777,-29.6298119239
Ground,"4","190",29.9799590145,-29.6215756355
Ground,"4","191",29.9703179099,-29.6233782436
Ground,"4","192",29.9897693255,-29.6183259709
Ground,"4","193",29.9869122089,-29.6199163714
Ground,"4","194",29.9467164014,-29.6563185592
Ground,"4","195",29.9392380521,-29.6548262790
Ground,"4","196",29.9349487199,-29.6598736753
Ground,"4","197",29.9110533926,-29.6865353952
Ground,"4","198",29.9167404220,-29.6921944083
Ground,"4","199",29.9147334005,-29.6931275998
Ground,"4","200",29.9387210031,-29.6776221137
Ground,"4","201",29.9460621482,-29.6798736025
Ground,"4","202",29.9406810455,-29.6668923199
Ground,"4","203",30.0108284642,-29.7271098837
Ground,"4","204",30.0145112612,-29.7246548416
Ground,"4","205",29.9819785204,-29.7194025013
Ground,"4","206",29.9831337369,-29.7095742244
Ground,"4","207",30.0027650049,-29.7077972721
Ground,"4","208",30.0773786480,-29.5721071472
Ground,"4","209",30.0727236001,-29.5703414877
Ground,"4","210",30.0853259189,-29.5749953611
Ground,"4","211",30.0821408494,-29.5798970098
Ground,"4","212",30.0818920132,-29.5697556640
Ground,"4","213",30.0762163744,-29.5700508709
Ground,"4","214",30.0676649706,-29.5638402076
Ground,"4","215",30.0851544684,-29.5670264289
Ground,"4","216",30.0787761843,-29.5666936145
Ground,"4","217",30.0575266385,-29.5654363985
Ground,"4","218",30.0623876025,-29.5676797828
Ground,"4","219",30.0613641061,-29.5439062676
Ground,"4","220",30.0762185548,-29.5937548201
Ground,"4","221",30.0835036485,-29.5901295851
Ground,"4","222",30.0832624650,-29.5844611516
Ground,"4","223",30.2508650326,-29.2619115789
Ground,"4","224",30.2432134449,-29.2498048521
Ground,"4","225",30.2530617935,-29.2484538775
Ground,"4","226",30.2533053785,-29.2477432529
Ground,"4","227",30.2628951771,-29.2246939051
Ground,"4","228",30.2726881371,-29.2324837816
Ground,"4","229",30.2687160595,-29.2317286146
Ground,"4","230",30.2719642030,-29.2281707930
Ground,"4","231",30.2893706035,-29.2345564536
Ground,"4","232",30.2881592407,-29.2365890840
Ground,"4","233",30.3013780550,-29.2379509166
Ground,"4","234",30.3028504358,-29.2385146403
Ground,"4","235",30.3010469538,-29.2395374772
Ground,"4","236",30.3028420329,-29.2350303340
Ground,"4","237",30.3049288542,-29.2338556074
Ground,"4","238",30.3038337804,-29.2303231192
Ground,"4","239",30.2964073294,-29.2334033752
Ground,"4","240",30.2981369040,-29.2340511364
Ground,"4","241",30.3069848282,-29.2292836204
Ground,"4","242",30.3065929950,-29.2263343361
Ground,"4","243",30.3110654517,-29.2304775468
Ground,"4","244",30.3315999081,-29.2279826518
Ground,"4","245",30.3442192632,-29.2448145453
Ground,"4","246",30.3488734035,-29.2485837580
Ground,"4","247",30.3319505812,-29.2619603771
Ground,"4","248",30.4513811162,-29.3114053449
Ground,"4","249",30.4654190958,-29.2946887089
Ground,"4","250",30.4701533084,-29.2938680250
Ground,"4","251",30.4974800821,-29.2954336543
Ground,"4","252",30.4938280576,-29.2699413163
Ground,"4","253",30.4956879418,-29.2722874630
Ground,"4","254",30.4883366743,-29.2658459970
Ground,"4","255",30.4851411449,-29.2707585692
Ground,"4","256",30.5001447687,-29.2729662818
Ground,"4","257",30.5042296623,-29.2725173887
Ground,"4","258",30.5043581595,-29.2770897988
Ground,"4","259",30.4991503736,-29.2395743380
Ground,"4","260",30.4970605557,-29.2601648275
Ground,"4","261",30.5022323050,-29.2839696249
Ground,"4","262",30.4732147756,-29.3122440526
Ground,"4","263",30.4774829708,-29.3174025106
Ground,"4","264",30.4793432396,-29.3197488994
Ground,"4","265",30.4851535038,-29.3158313808
Ground,"4","266",30.4671489376,-29.2973862385
Ground,"4","267",30.4687934928,-29.3084482939
Ground,"4","268",30.4538523835,-29.3220488488
Ground,"4","269",30.4548340463,-29.3195287503
Ground,"4","270",30.4594957604,-29.3257107946
Ground,"4","271",30.4589786901,-29.3272242459
Ground,"4","272",30.4625399326,-29.3230022752
Ground,"4","273",30.4621378292,-29.3206834103
Ground,"4","274",30.4636038771,-29.3203786132
Ground,"4","275",30.4659695567,-29.3216667209
Ground,"4","276",30.4664016746,-29.3235834351
Ground,"4","277",30.4660532610,-29.3263607867
Ground,"4","278",30.0620132911,-29.5701211125
Ground,"4","279",30.0587010976,-29.5692297918
Ground,"4","280",30.0773233440,-29.5568082459
Ground,"4","281",29.9285180731,-29.6732394098
Ground,"4","282",29.9267588483,-29.6704362057
Ground,"4","283",30.3054315519,-29.2352460039
Ground,"4","284",30.3079333409,-29.2361149254
Ground,"4","285",30.3024328746,-29.2405876413
Ground,"4","286",30.3159773419,-29.2450972186
Ground,"4","287",30.3169849197,-29.2441330888
Ground,"4","288",30.4814798714,-29.2895724022
Ground,"4","289",30.5126733774,-29.2571859617
Ground,"4","290",30.3041298325,-29.2377808123
Plantation,"3","0",29.9126967976,-29.6888839513
Plantation,"3","1",29.9295699347,-29.6718166579
Plantation,"3","2",29.9299065478,-29.6681616689
Plantation,"3","3",29.9295133215,-29.6618115824
Plantation,"3","4",29.9411767844,-29.6593639132
Plantation,"3","5",29.9476372534,-29.6671733958
Plantation,"3","6",29.9660672357,-29.6759269802
Plantation,"3","7",29.9551823644,-29.6607303549
Plantation,"3","8",29.9622190119,-29.6546690273
Plantation,"3","9",29.9701782613,-29.6320863613
Plantation,"3","10",29.9755443546,-29.6305350391
Plantation,"3","11",29.9795290049,-29.6239106046
Plantation,"3","12",29.9996725910,-29.7038495070
Plantation,"3","13",29.9991039955,-29.7123439927
Plantation,"3","14",29.9723784898,-29.7083479434
Plantation,"3","15",30.1021468191,-29.5522041020
Plantation,"3","16",30.1011903220,-29.5604548111
Plantation,"3","17",30.0809304599,-29.5537086681
Plantation,"3","18",30.0563685314,-29.5556083051
Plantation,"3","19",30.0702871826,-29.5424061581
Plantation,"3","20",30.0648476828,-29.5350189427
Plantation,"3","21",30.0496562948,-29.5393300408
Plantation,"3","22",30.0900954360,-29.5498725876
Plantation,"3","23",30.0740696426,-29.5635424853
Plantation,"3","24",30.0989844556,-29.5816566741
Plantation,"3","25",30.1021615807,-29.5784962572
Plantation,"3","26",30.2479202732,-29.2471243745
Plantation,"3","27",30.2332552279,-29.2412672003
Plantation,"3","28",30.2839435647,-29.2378063928
Plantation,"3","29",30.2681130638,-29.2394336781
Plantation,"3","30",30.2656987561,-29.2584307270
Plantation,"3","31",30.2648170109,-29.2628640559
Plantation,"3","32",30.2304771701,-29.2618511603
Plantation,"3","33",30.2414888103,-29.2637433525
Plantation,"3","34",30.2455336064,-29.2544711281
Plantation,"3","35",30.2839642892,-29.2705818759
Plantation,"3","36",30.3007737009,-29.2660772946
Plantation,"3","37",30.3042858853,-29.2597861911
Plantation,"3","38",30.3228936771,-29.2637452319
Plantation,"3","39",30.3104170623,-29.2666854625
Plantation,"3","40",30.3371330967,-29.2447661956
Plantation,"3","41",30.3523779000,-29.2371114637
Plantation,"3","42",30.3532404531,-29.2306481744
Plantation,"3","43",30.3399844450,-29.2317835294
Plantation,"3","44",30.3310055724,-29.2316439364
Plantation,"3","45",30.3258782534,-29.2172414514
Plantation,"3","46",30.3205880419,-29.2186325098
Plantation,"3","47",30.3094614334,-29.2457088580
Plantation,"3","48",30.4700787596,-29.2463250165
Plantation,"3","49",30.4891468492,-29.2436117215
Plantation,"3","50",30.4830416812,-29.2507852169
Plantation,"3","51",30.4803499201,-29.2488040642
Plantation,"3","52",30.4767211457,-29.2465687933
Plantation,"3","53",30.4734743825,-29.2518702639
Plantation,"3","54",30.4869176449,-29.2594564452
Plantation,"3","55",30.4942055323,-29.2590614854
Plantation,"3","56",30.4927557134,-29.2549567434
Plantation,"3","57",30.4898402420,-29.2520063586
Plantation,"3","58",30.5004483079,-29.2480685697
Plantation,"3","59",30.5036831350,-29.2499018915
Plantation,"3","60",30.4552116313,-29.2662035968
Plantation,"3","61",30.4497229805,-29.2673989790
Plantation,"3","62",30.4512786193,-29.2698909102
Plantation,"3","63",30.4563832986,-29.2724110687
Plantation,"3","64",30.4654082813,-29.2699431114
Plantation,"3","65",30.4689441828,-29.2677645859
Plantation,"3","66",30.4676789389,-29.2644116352
Plantation,"3","67",30.4636088272,-29.2636646828
Plantation,"3","68",30.4431680496,-29.2644962683
Plantation,"3","69",30.4499907462,-29.2728998034
Plantation,"3","70",30.4610156253,-29.2740553514
Plantation,"3","71",30.4862165798,-29.2890102128
Plantation,"3","72",30.4937061165,-29.2868857232
Plantation,"3","73",30.4978071608,-29.2781181294
Plantation,"3","74",30.4490624738,-29.3188174043
Plantation,"3","75",30.4468065837,-29.3146377263
Plantation,"3","76",30.5041173772,-29.2907249291
Plantation,"3","77",30.5037362957,-29.2860690110
Plantation,"3","78",30.5065929858,-29.2850192825
Plantation,"3","79",30.5120432132,-29.2770840162
Plantation,"3","80",30.5252556696,-29.2779598571
Plantation,"3","81",30.5141543051,-29.2696970336
Plantation,"3","82",30.5219654763,-29.2681284115
Plantation,"3","83",30.5265031612,-29.2690792505
Plantation,"3","84",30.5326178776,-29.2689165637
Plantation,"3","85",30.5125453722,-29.2647030842
Plantation,"3","86",30.5155864399,-29.2597168784
Plantation,"3","87",30.5177549370,-29.2647999898
Plantation,"3","88",30.5199112105,-29.2657461694
Plantation,"3","89",30.5118665822,-29.2676845986
Plantation,"3","90",30.5233763974,-29.2440830019
Plantation,"3","91",30.5239743438,-29.2490975096
Plantation,"3","92",30.5343275349,-29.2529134880
Plantation,"3","93",30.5242845485,-29.2558007553
Plantation,"3","94",30.5350676286,-29.2464069014
Plantation,"3","95",30.5311915914,-29.2460004756
Plantation,"3","96",30.5417520308,-29.2467861107
Plantation,"3","97",30.5055698639,-29.2337056412
Plantation,"3","98",30.5102090647,-29.2257551576
Plantation,"3","99",30.5201069698,-29.2287757117
Plantation,"3","100",30.5152050159,-29.2401886118
Plantation,"3","101",30.5054456414,-29.2443798604
Plantation,"3","102",30.4956591906,-29.2348992150
Plantation,"3","103",30.4840218549,-29.2332230044
Plantation,"3","104",30.5291189369,-29.2313064147
Plantation,"3","105",30.5261470855,-29.2353487568
Plantation,"3","106",30.5369336764,-29.2407090021
Plantation,"3","107",30.2957598260,-29.2530253331
Plantation,"3","108",30.2934635539,-29.2515212830
Plantation,"3","109",30.2986848629,-29.2459936995
Plantation,"3","110",30.3027210940,-29.2496600400
Plantation,"3","111",30.3061347017,-29.2376744885
Plantation,"3","112",30.2587737443,-29.2452202785
Plantation,"3","113",30.3207209702,-29.2329252963
Plantation,"3","114",30.3149313022,-29.2327697206
Plantation,"3","115",30.3108711258,-29.2317426470
Plantation,"3","116",30.3170007043,-29.2360809581
Plantation,"3","117",30.2598445367,-29.2328532195
Plantation,"3","118",30.2541055721,-29.2366944025
Plantation,"3","119",30.2610545761,-29.2270478845
Plantation,"3","120",30.0660601055,-29.5390436162
Plantation,"3","121",30.0893461241,-29.5532238643
Plantation,"3","122",30.0945151563,-29.5850841214
Plantation,"3","123",30.0963101044,-29.5790576191
Plantation,"3","124",30.0730116419,-29.6056445183
Plantation,"3","125",30.0751902451,-29.5988784903
Plantation,"3","126",29.9989240085,-29.6918591705
Plantation,"3","127",29.9854002278,-29.7096693053
Plantation,"3","128",29.9915008145,-29.7048061586
Plantation,"3","129",29.9967325897,-29.7169771098
Plantation,"3","130",30.0059525073,-29.7081076013
Plantation,"3","131",30.0168906782,-29.7192548259
Plantation,"3","132",29.9412056021,-29.6793820569
Plantation,"3","133",29.9452027730,-29.6724900516
Plantation,"3","134",29.9160422925,-29.6664577527
Plantation,"3","135",29.9051283768,-29.6733448328
Plantation,"3","136",29.9521506936,-29.6435050050
Plantation,"3","137",29.9610982354,-29.6378289602
Plantation,"3","138",29.9816590117,-29.6337301464
Plantation,"3","139",29.9739276807,-29.6349717118
Plantation,"3","140",29.9634998893,-29.6419276130
Plantation,"3","141",29.9697331386,-29.6405474080
Plantation,"3","142",29.9725416372,-29.6591754385
Plantation,"3","143",29.9764357493,-29.6576364476
Plantation,"3","144",30.0958426840,-29.5635185218
Plantation,"3","145",30.0970134695,-29.5582923442
Plantation,"3","146",30.0902678789,-29.5699086124
Plantation,"3","147",30.0680593512,-29.5889692742
Plantation,"3","148",30.0728125886,-29.5929080065
Plantation,"3","149",30.0876141812,-29.5901353137
Plantation,"3","150",30.0927721901,-29.5936095948
Plantation,"3","151",30.0804558998,-29.5486729556
Plantation,"3","152",30.0494379289,-29.5443897853
Plantation,"3","153",30.0587860752,-29.5430479536
Plantation,"3","154",30.0532592706,-29.5524047126
Plantation,"3","155",30.2717833730,-29.2606363901
Plantation,"3","156",30.2893969248,-29.2741260161
Plantation,"3","157",30.2974982481,-29.2610803332
Plantation,"3","158",30.2970883795,-29.2584458201
Plantation,"3","159",30.3290717301,-29.2401012706
Plantation,"3","160",30.3207913309,-29.2384122955
Plantation,"3","161",30.3340282170,-29.2441133770
Plantation,"3","162",30.0168609536,-29.7115769023
Plantation,"3","163",30.0231358516,-29.7102740666
Plantation,"3","164",30.0191565751,-29.7098956423
Plantation,"3","165",30.0128344206,-29.7100856527
Plantation,"3","166",30.0170442266,-29.7050429014
Plantation,"3","167",30.0110561984,-29.7058092850
Plantation,"3","168",30.0102285690,-29.7026134309
Plantation,"3","169",30.0041430563,-29.7002526693
Plantation,"3","170",30.0092883338,-29.6971306260
Plantation,"3","171",29.9974965970,-29.6958658503
Plantation,"3","172",30.0019398693,-29.6947762430
Plantation,"3","173",29.9740605110,-29.6944743548
Plantation,"3","174",29.9710027129,-29.7008286265
Plantation,"3","175",29.9883355620,-29.6978282978
Plantation,"3","176",29.9660603368,-29.7101591520
Plantation,"3","177",29.9798983406,-29.6841398447
Plantation,"3","178",29.9836847490,-29.6867381159
Plantation,"3","179",29.9916693771,-29.6862108735
Plantation,"3","180",29.9930441880,-29.6912047451
Plantation,"3","181",29.9756804919,-29.6705211211
Plantation,"3","182",29.9673361666,-29.6647112615
Plantation,"3","183",29.9626251533,-29.6574088684
Plantation,"3","184",29.9474329340,-29.6574359482
Plantation,"3","185",29.9505263651,-29.6525534075
Plantation,"3","186",29.9437709563,-29.6492994089
Plantation,"3","187",29.9518087396,-29.6479091918
Plantation,"3","188",29.9575312897,-29.6462027532
Plantation,"3","189",29.9732948268,-29.6451109385
Plantation,"3","190",29.9799704319,-29.6483791459
Plantation,"3","191",29.9778155147,-29.6460543736
Plantation,"3","192",29.9753843906,-29.6429180431
Plantation,"3","193",29.9734472263,-29.6373422837
Plantation,"3","194",29.9708886952,-29.6391393274
Plantation,"3","195",29.9669059890,-29.6349696067
Plantation,"3","196",29.9907041312,-29.6371926750
Plantation,"3","197",29.9868118413,-29.6380319824
Plantation,"3","198",29.9906258007,-29.6391514515
Plantation,"3","199",29.9933447013,-29.6454274417
Plantation,"3","200",29.9780646555,-29.6196102041
Plantation,"3","201",29.9748716835,-29.6232133932
Plantation,"3","202",29.9886574069,-29.6191160650
Plantation,"3","203",29.9900825511,-29.6163301292
Plantation,"3","204",29.9340769001,-29.6689429495
Plantation,"3","205",29.9361557347,-29.6638447574
Plantation,"3","206",29.9438270810,-29.6606961586
Plantation,"3","207",29.9312948694,-29.6562753230
Plantation,"3","208",29.9062006576,-29.6681545328
Plantation,"3","209",29.9130510136,-29.6696097260
Plantation,"3","210",29.9128461396,-29.6776218930
Plantation,"3","211",29.9058694185,-29.6789643791
Plantation,"3","212",29.9067294543,-29.6836055801
Plantation,"3","213",29.9146472023,-29.6816548478
Plantation,"3","214",29.9233018081,-29.6791956226
Plantation,"3","215",29.9168132245,-29.6881818885
Plantation,"3","216",29.9210090468,-29.6925856120
Plantation,"3","217",29.9128378628,-29.6936205578
Plantation,"3","218",29.9106489205,-29.6957049898
Plantation,"3","219",30.5221877682,-29.2602595043
Plantation,"3","220",30.5196521982,-29.2610704309
Plantation,"3","221",30.5307454093,-29.2631144614
Plantation,"3","222",30.4958820861,-29.2646717056
Plantation,"3","223",30.4943207422,-29.2664634222
Plantation,"3","224",30.4966289138,-29.2700786524
Plantation,"3","225",30.5024881238,-29.2689276478
Plantation,"3","226",30.5008155084,-29.2588808650
Plantation,"3","227",30.4500152992,-29.2622106735
Plantation,"3","228",30.4642333884,-29.2597498614
Plantation,"3","229",30.4603174015,-29.2558059104
Plantation,"3","230",30.4682128551,-29.2595101679
Plantation,"3","231",30.4690616890,-29.2550438449
Plantation,"3","232",30.4750389568,-29.2571880345
Plantation,"3","233",30.4923392191,-29.2486540288
Plantation,"3","234",30.4908288864,-29.2401860585
Plantation,"3","235",30.4801524443,-29.2408256495
Plantation,"3","236",30.4797580751,-29.2422539933
Plantation,"3","237",30.5035496532,-29.2523658656
Plantation,"3","238",30.4951225286,-29.2524182666
Plantation,"3","239",30.4795601423,-29.2617208100
Plantation,"3","240",30.4997522490,-29.2311782238
Plantation,"3","241",30.5053077604,-29.2292859086
Plantation,"3","242",30.5126734614,-29.2301235488
Plantation,"3","243",30.5236919712,-29.2351258040
Plantation,"3","244",30.5192931595,-29.2387212977
Plantation,"3","245",30.5172792766,-29.2493648634
Plantation,"3","246",30.5115008228,-29.2439344223
Plantation,"3","247",30.5099401370,-29.2473722756
Plantation,"3","248",30.5405980787,-29.2427570885
Plantation,"3","249",30.5327507094,-29.2394781808
Plantation,"3","250",30.5305414579,-29.2283886449
Plantation,"3","251",30.5385539120,-29.2355754058
Plantation,"3","252",30.3092595568,-29.2555628240
Plantation,"3","253",30.2807336396,-29.2319971752
Plantation,"3","254",30.3457545649,-29.2320698314
Plantation,"3","255",30.3139819460,-29.2410296820
Plantation,"3","256",30.3334129765,-29.2530619296
Plantation,"3","257",30.3288762544,-29.2493995927
Plantation,"3","258",30.2715531313,-29.2451073984
Plantation,"3","259",30.0639899501,-29.5439999196
Plantation,"3","260",30.0635817790,-29.5470368906
Plantation,"3","261",30.0724967949,-29.5530807132
Plantation,"3","262",30.0555608774,-29.5488548849
Plantation,"3","263",30.0605036101,-29.5496296380
Plantation,"3","264",30.0536939280,-29.5400606350
Plantation,"3","265",30.0522570811,-29.5454204836
Plantation,"3","266",30.1095158232,-29.5580584095
Plantation,"3","267",30.1105028051,-29.5620712860
Plantation,"3","268",29.9905276887,-29.7092946599
Plantation,"3","269",30.0012744941,-29.7170680888
Plantation,"3","270",30.0012630028,-29.7222622512
Plantation,"3","271",29.9772398197,-29.6899623536
Plantation,"3","272",29.9384105578,-29.6895943222
Plantation,"3","273",29.9314783526,-29.6805435969
Plantation,"3","274",29.9234155762,-29.6870490556
Plantation,"3","275",29.9111249912,-29.6653116597
Plantation,"3","276",29.9479862327,-29.6793769018
Plantation,"3","277",29.9524409986,-29.6729616433
Plantation,"3","278",29.9553558624,-29.6692328402
Plantation,"3","279",29.9706976517,-29.6515791823
Plantation,"3","280",29.9691466160,-29.6575372198
Plantation,"3","281",29.9591070693,-29.6538608458
Plantation,"3","282",29.9824026327,-29.6272477567
Plantation,"3","283",29.9845474838,-29.6233757750
Plantation,"3","284",30.0751534742,-29.5838987618
Plantation,"3","285",30.0900508903,-29.5805301422
Plantation,"3","286",30.0930629583,-29.5761257142
Plantation,"3","287",30.1022699607,-29.5838694830
Plantation,"3","288",30.0962588331,-29.5892324682
Plantation,"3","289",30.0682343268,-29.5761538264
Plantation,"3","290",30.1031755171,-29.5701781187
Plantation,"3","291",30.1037688774,-29.5584029653
Plantation,"3","292",30.0870478581,-29.5567633482
Plantation,"3","293",30.0962759552,-29.5487238786
Plantation,"3","294",30.0858133611,-29.5609569595
Plantation,"3","295",30.0635848866,-29.5551724640
Plantation,"3","296",30.0693983661,-29.5526786273
Plantation,"3","297",30.0559856236,-29.5384711486
Plantation,"3","298",30.1097065404,-29.5765892158
Plantation,"3","299",30.1137532400,-29.5659131273
Plantation,"3","300",30.2723899230,-29.2694684303
Plantation,"3","301",30.2686942571,-29.2327508636
Plantation,"3","302",30.2961434117,-29.2480084437
Plantation,"3","303",30.3069666902,-29.2507123324
Plantation,"3","304",30.3124433743,-29.2509474990
Plantation,"3","305",30.3107674769,-29.2616543052
Plantation,"3","306",30.2927403108,-29.2696077500
Plantation,"3","307",30.2947864440,-29.2819569939
Plantation,"3","308",30.3096935826,-29.2761417321
Plantation,"3","309",30.3356956499,-29.2465580499
Plantation,"3","310",30.3248770689,-29.2420144337
Plantation,"3","311",30.3346030408,-29.2392675845
Plantation,"3","312",30.3210235933,-29.2284115739
Plantation,"3","313",30.3080829798,-29.2250793035
Plantation,"3","314",30.3483914339,-29.2284701775
Plantation,"3","315",30.3476670977,-29.2408201300
Plantation,"3","316",30.3538792079,-29.2409620106
Plantation,"3","317",30.3539122082,-29.2438289438
Plantation,"3","318",30.3410583967,-29.2361927017
Plantation,"3","319",30.3349339918,-29.2335041999
Plantation,"3","320",30.5310304481,-29.2611764295
Plantation,"3","321",30.5164341112,-29.2551354743
Plantation,"3","322",30.5301108114,-29.2532157165
Plantation,"3","323",30.5271263561,-29.2564953741
Plantation,"3","324",30.5193664055,-29.2327827387
Plantation,"3","325",30.5246813478,-29.2284972281
Plantation,"3","326",30.5031693124,-29.2365654191
Plantation,"3","327",30.5155879604,-29.2247314018
Plantation,"3","328",30.5248254328,-29.2242844747
Plantation,"3","329",30.5270640767,-29.2253376021
Plantation,"3","330",30.4868037247,-29.2489422227
Plantation,"3","331",30.4791340359,-29.2550551786
Plantation,"3","332",30.4677304410,-29.2513923462
Plantation,"3","333",30.4617042845,-29.2523271469
Plantation,"3","334",30.4588968759,-29.2621844088
Plantation,"3","335",30.4801814591,-29.2680956164
Plantation,"3","336",30.4751051401,-29.2685992670
Plantation,"3","337",30.4478970212,-29.2706488048
Plantation,"3","338",30.4381696458,-29.2691511681
Plantation,"3","339",30.4419202555,-29.2712651117
Plantation,"3","340",30.4613305690,-29.2769560995
Plantation,"3","341",30.4748647754,-29.2809783734
Plantation,"3","342",30.4673876798,-29.2817547702
Plantation,"3","343",30.4633414703,-29.2820526594
Plantation,"3","344",30.4701663633,-29.2730583476
Plantation,"3","345",30.4743319406,-29.2748420465
Plantation,"3","346",30.4799439075,-29.2742923427
Plantation,"3","347",30.4816681693,-29.2789148851
Plantation,"3","348",30.4862332236,-29.2827291192
Plantation,"3","349",30.4905418813,-29.2813113762
Plantation,"3","350",30.4945351446,-29.2823043679
Plantation,"3","351",30.4885624146,-29.2871006860
Plantation,"3","352",30.4840331843,-29.2861723513
Plantation,"3","353",30.4835662716,-29.2938822701
Plantation,"3","354",30.4730856058,-29.2872770414
Plantation,"3","355",30.4584933220,-29.3185958626
Plantation,"3","356",30.4732228136,-29.3237747143
Plantation,"3","357",30.4531913929,-29.3254920834
Plantation,"3","358",30.5189215920,-29.2773078071
Plantation,"3","359",30.5159338888,-29.2824418674
Plantation,"3","360",29.9792656792,-29.6402864021
Shrubland,"5","0",30.0016976619,-29.7133424260
Shrubland,"5","1",30.0016809356,-29.7124117130
Shrubland,"5","2",30.0001811702,-29.7095867151
Shrubland,"5","3",30.0038801551,-29.7181016891
Shrubland,"5","4",30.0045661307,-29.7214186193
Shrubland,"5","5",30.0055847694,-29.7259964455
Shrubland,"5","6",30.0037711189,-29.7093191849
Shrubland,"5","7",29.9192918546,-29.7023173989
Shrubland,"5","8",29.9182157353,-29.7050832346
Shrubland,"5","9",29.9158211805,-29.7044976881
Shrubland,"5","10",29.9211003752,-29.7065846015
Shrubland,"5","11",29.9222880947,-29.7018573688
Shrubland,"5","12",29.9241386290,-29.6955304182
Shrubland,"5","13",29.9245885543,-29.6965487014
Shrubland,"5","14",29.9235640873,-29.6985986860
Shrubland,"5","15",29.9228683603,-29.6998164504
Shrubland,"5","16",29.9091181878,-29.6945473438
Shrubland,"5","17",29.9377516610,-29.6989519811
Shrubland,"5","18",29.9359363410,-29.6996997526
Shrubland,"5","19",29.9347743490,-29.6811345409
Shrubland,"5","20",29.9336861228,-29.6815211937
Shrubland,"5","21",29.9365003343,-29.6864268593
Shrubland,"5","22",29.9366691333,-29.6748309802
Shrubland,"5","23",29.9331207678,-29.6711802307
Shrubland,"5","24",29.9516237290,-29.6684483098
Shrubland,"5","25",29.9358231848,-29.6662302707
Shrubland,"5","26",29.9081664360,-29.6698512792
Shrubland,"5","27",29.9073948070,-29.6704994870
Shrubland,"5","28",29.9159943375,-29.6721415450
Shrubland,"5","29",29.9428146323,-29.6820521169
Shrubland,"5","30",29.9430766961,-29.6781624892
Shrubland,"5","31",29.9500805162,-29.6755476156
Shrubland,"5","32",29.9420791964,-29.6724412945
Shrubland,"5","33",29.9462400918,-29.6690607621
Shrubland,"5","34",29.9341538553,-29.6656610658
Shrubland,"5","35",29.9116859084,-29.6667040177
Shrubland,"5","36",29.9159997670,-29.6587903999
Shrubland,"5","37",29.9138461372,-29.6610078405
Shrubland,"5","38",29.9231932133,-29.6586669904
Shrubland,"5","39",29.9399914619,-29.6599477218
Shrubland,"5","40",29.9388782716,-29.6593357067
Shrubland,"5","41",29.9488167438,-29.6656799312
Shrubland,"5","42",29.9450109955,-29.6652142484
Shrubland,"5","43",29.9676188927,-29.6726192341
Shrubland,"5","44",29.9688384912,-29.6682184303
Shrubland,"5","45",29.9706670978,-29.6690355464
Shrubland,"5","46",29.9772611107,-29.6676502249
Shrubland,"5","47",29.9745521479,-29.6591766527
Shrubland,"5","48",29.9743073875,-29.6610510979
Shrubland,"5","49",29.9703970351,-29.6556559401
Shrubland,"5","50",29.9752644423,-29.6461295586
Shrubland,"5","51",29.9731912237,-29.6434898860
Shrubland,"5","52",29.9656563633,-29.6454107611
Shrubland,"5","53",29.9552396497,-29.6476041673
Shrubland,"5","54",29.9531564187,-29.6473382268
Shrubland,"5","55",29.9569699001,-29.6582117823
Shrubland,"5","56",29.9596640623,-29.6370700629
Shrubland,"5","57",29.9661363900,-29.6376399685
Shrubland,"5","58",29.9654951771,-29.6388608741
Shrubland,"5","59",29.9685165700,-29.6387265269
Shrubland,"5","60",29.9751011870,-29.6368467625
Shrubland,"5","61",29.9820665539,-29.6385561434
Shrubland,"5","62",29.9822374330,-29.6393353129
Shrubland,"5","63",29.9973428040,-29.6462829265
Shrubland,"5","64",29.9981810889,-29.6447658944
Shrubland,"5","65",29.9910217127,-29.6484314311
Shrubland,"5","66",29.9883940732,-29.6478144902
Shrubland,"5","67",29.9859801460,-29.6480309394
Shrubland,"5","68",29.9748966339,-29.6528587753
Shrubland,"5","69",29.9121124646,-29.6797878071
Shrubland,"5","70",29.9109556505,-29.6813258499
Shrubland,"5","71",29.9266336491,-29.6909913793
Shrubland,"5","72",29.9865448837,-29.6906488645
Shrubland,"5","73",29.9811592674,-29.6939809480
Shrubland,"5","74",29.9873693379,-29.7020665905
Shrubland,"5","75",29.9883693837,-29.7024043093
Shrubland,"5","76",29.9878049242,-29.7038354097
Shrubland,"5","77",29.9903089745,-29.7008300512
Shrubland,"5","78",30.0128288847,-29.7144684368
Shrubland,"5","79",30.0047543278,-29.6921613123
Shrubland,"5","80",29.9948009851,-29.6857027820
Shrubland,"5","81",30.0699003353,-29.6006350138
Shrubland,"5","82",30.0716899854,-29.6021508697
Shrubland,"5","83",30.0756017158,-29.6063495881
Shrubland,"5","84",30.0711067037,-29.5990561194
Shrubland,"5","85",30.0673712113,-29.5987442039
Shrubland,"5","86",30.0607172430,-29.5981833961
Shrubland,"5","87",30.0550755259,-29.5848650790
Shrubland,"5","88",30.0658172558,-29.5816271257
Shrubland,"5","89",30.0668956909,-29.5762883901
Shrubland,"5","90",30.0799298701,-29.5534536161
Shrubland,"5","91",30.0785496089,-29.5544247005
Shrubland,"5","92",30.0934761332,-29.5571591129
Shrubland,"5","93",30.0990172125,-29.5486128234
Shrubland,"5","94",30.0972092341,-29.5499495084
Shrubland,"5","95",30.0812162878,-29.5617164552
Shrubland,"5","96",30.0826855206,-29.5625370008
Shrubland,"5","97",30.0719230686,-29.5659407479
Shrubland,"5","98",30.0601790334,-29.5521874373
Shrubland,"5","99",30.0569472725,-29.5512565219
Shrubland,"5","100",30.0523708123,-29.5495591337
Shrubland,"5","101",30.0486231478,-29.5398200316
Shrubland,"5","102",30.0463194120,-29.5381180416
Shrubland,"5","103",30.0567462419,-29.5373562016
Shrubland,"5","104",30.0722402369,-29.5454099166
Shrubland,"5","105",30.0824941459,-29.5512664146
Shrubland,"5","106",30.0860056394,-29.5580339265
Shrubland,"5","107",30.1035024267,-29.5780900203
Shrubland,"5","108",30.0993938232,-29.5789564948
Shrubland,"5","109",30.2851894416,-29.2816286333
Shrubland,"5","110",30.2865082970,-29.2833193554
Shrubland,"5","111",30.2899677118,-29.2843395037
Shrubland,"5","112",30.2897409171,-29.2831588515
Shrubland,"5","113",30.2858820875,-29.2785701305
Shrubland,"5","114",30.2925897794,-29.2806416180
Shrubland,"5","115",30.2834056056,-29.2721662115
Shrubland,"5","116",30.2840401689,-29.2718592593
Shrubland,"5","117",30.2960482521,-29.2698057481
Shrubland,"5","118",30.3071133139,-29.2701133195
Shrubland,"5","119",30.3064530179,-29.2691565722
Shrubland,"5","120",30.3157972761,-29.2711540280
Shrubland,"5","121",30.2986485631,-29.2545825653
Shrubland,"5","122",30.2924753008,-29.2546579150
Shrubland,"5","123",30.2938063404,-29.2546202655
Shrubland,"5","124",30.2927646493,-29.2505282033
Shrubland,"5","125",30.2550792984,-29.2610091553
Shrubland,"5","126",30.2571758811,-29.2536923090
Shrubland,"5","127",30.2609844882,-29.2515152983
Shrubland,"5","128",30.2454330088,-29.2512634170
Shrubland,"5","129",30.2446582321,-29.2636668226
Shrubland,"5","130",30.2320612180,-29.2386194151
Shrubland,"5","131",30.2482546465,-29.2432993436
Shrubland,"5","132",30.2500873239,-29.2455728273
Shrubland,"5","133",30.2712662235,-29.2482169447
Shrubland,"5","134",30.2777420084,-29.2403202531
Shrubland,"5","135",30.2637389510,-29.2278296009
Shrubland,"5","136",30.2576503621,-29.2343232789
Shrubland,"5","137",30.3057916170,-29.2254512487
Shrubland,"5","138",30.3184092290,-29.2385027898
Shrubland,"5","139",30.3161365815,-29.2242377188
Shrubland,"5","140",30.3217546569,-29.2185378736
Shrubland,"5","141",30.3281705010,-29.2308793367
Shrubland,"5","142",30.3357526883,-29.2322455309
Shrubland,"5","143",30.3456992933,-29.2252189039
Shrubland,"5","144",30.3497868189,-29.2380511622
Shrubland,"5","145",30.3485885843,-29.2365896003
Shrubland,"5","146",30.3402781651,-29.2449833676
Shrubland,"5","147",30.3375831201,-29.2516016767
Shrubland,"5","148",30.3388863034,-29.2487972975
Shrubland,"5","149",30.3297050413,-29.2458290294
Shrubland,"5","150",30.3297706341,-29.2509611229
Shrubland,"5","151",30.3157891835,-29.2419218539
Shrubland,"5","152",30.3120802427,-29.2411881899
Shrubland,"5","153",30.3112836206,-29.2417860447
Shrubland,"5","154",30.3066935434,-29.2437517234
Shrubland,"5","155",30.3104495978,-29.2508514493
Shrubland,"5","156",30.3085913575,-29.2651077017
Shrubland,"5","157",30.3059635371,-29.2649901062
Shrubland,"5","158",30.3231702777,-29.2668675270
Shrubland,"5","159",30.3221166225,-29.2710983402
Shrubland,"5","160",30.3269854761,-29.2635578877
Shrubland,"5","161",30.2659057319,-29.2600600022
Shrubland,"5","162",30.2809693997,-29.2708614293
Shrubland,"5","163",30.3153845203,-29.2585401982
Shrubland,"5","164",30.3194545004,-29.2593004283
Shrubland,"5","165",30.3228641552,-29.2602347003
Shrubland,"5","166",30.3196846452,-29.2603647989
Shrubland,"5","167",30.2958987519,-29.2362188959
Shrubland,"5","168",30.2971611739,-29.2382217617
Shrubland,"5","169",30.4509027137,-29.3199010635
Shrubland,"5","170",30.4528430386,-29.3231239939
Shrubland,"5","171",30.4546217704,-29.3229123774
Shrubland,"5","172",30.4517337212,-29.3159879088
Shrubland,"5","173",30.4737167626,-29.3167936574
Shrubland,"5","174",30.4674489841,-29.2917240165
Shrubland,"5","175",30.4708010432,-29.2894191334
Shrubland,"5","176",30.4721324710,-29.2850467568
Shrubland,"5","177",30.4707370156,-29.2827456028
Shrubland,"5","178",30.4703889147,-29.2813173038
Shrubland,"5","179",30.4683828141,-29.2794213770
Shrubland,"5","180",30.4661129852,-29.2795528081
Shrubland,"5","181",30.4618722542,-29.2808422750
Shrubland,"5","182",30.4658057888,-29.2736339856
Shrubland,"5","183",30.4627938879,-29.2732278377
Shrubland,"5","184",30.4463048288,-29.2605319115
Shrubland,"5","185",30.4482268970,-29.2605880263
Shrubland,"5","186",30.4468288409,-29.2596113633
Shrubland,"5","187",30.4521360148,-29.2576350676
Shrubland,"5","188",30.4527243141,-29.2600631736
Shrubland,"5","189",30.4536953581,-29.2604306480
Shrubland,"5","190",30.4528330593,-29.2556773671
Shrubland,"5","191",30.4529938240,-29.2572184521
Shrubland,"5","192",30.4496109125,-29.2587177831
Shrubland,"5","193",30.4525576049,-29.2614364573
Shrubland,"5","194",30.4625592284,-29.2622924229
Shrubland,"5","195",30.4641495536,-29.2623549326
Shrubland,"5","196",30.4657174469,-29.2609371315
Shrubland,"5","197",30.4672244978,-29.2610884962
Shrubland,"5","198",30.4698314031,-29.2614674736
Shrubland,"5","199",30.4665658210,-29.2632925758
Shrubland,"5","200",30.4616718774,-29.2639040614
Shrubland,"5","201",30.4651745696,-29.2650174654
Shrubland,"5","202",30.4625728843,-29.2665125567
Shrubland,"5","203",30.4756282202,-29.2597967679
Shrubland,"5","204",30.4828917633,-29.2725450775
Shrubland,"5","205",30.4839787917,-29.2733022662
Shrubland,"5","206",30.4807410321,-29.2724851397
Shrubland,"5","207",30.4804539418,-29.2829810022
Shrubland,"5","208",30.4773230103,-29.2856037478
Shrubland,"5","209",30.4794598763,-29.2814371344
Shrubland,"5","210",30.4878228969,-29.2848840613
Shrubland,"5","211",30.4897982306,-29.2845916318
Shrubland,"5","212",30.4933089421,-29.2822503582
Shrubland,"5","213",30.4907462402,-29.2949588917
Shrubland,"5","214",30.5079476258,-29.2792446907
Shrubland,"5","215",30.5119932225,-29.2759467489
Shrubland,"5","216",30.5137906337,-29.2743936994
Shrubland,"5","217",30.5096509612,-29.2716992994
Shrubland,"5","218",30.5090570267,-29.2703569686
Shrubland,"5","219",30.5127005739,-29.2690354496
Shrubland,"5","220",30.5227768553,-29.2228287104
Shrubland,"5","221",30.5147539923,-29.2581909483
Shrubland,"5","222",30.4970730412,-29.2506811680
Shrubland,"5","223",30.4976280793,-29.2342383003
Shrubland,"5","224",30.4992117552,-29.2627218704
Shrubland,"5","225",30.4977618424,-29.2804856376
Thicket,"8","0",29.9643166515,-29.6661988820
Thicket,"8","1",29.9651545138,-29.6668727579
Thicket,"8","2",29.9670924261,-29.6673737043
Thicket,"8","3",29.9731311531,-29.7103843018
Thicket,"8","4",29.9721238242,-29.7107402720
Thicket,"8","5",29.9699494394,-29.7101994892
Thicket,"8","6",29.9668572076,-29.7090088062
Thicket,"8","7",29.9796369170,-29.7043566571
Thicket,"8","8",29.9839505513,-29.7010007787
Thicket,"8","9",29.9803147680,-29.7034676447
Thicket,"8","10",29.9984451772,-29.7009943878
Thicket,"8","11",29.9978177173,-29.7001962621
Thicket,"8","12",30.0004500060,-29.7006005213
Thicket,"8","13",29.9953475531,-29.6966686809
Thicket,"8","14",29.9981062365,-29.6987900782
Thicket,"8","15",30.0072138709,-29.7062495439
Thicket,"8","16",30.0067542207,-29.7057782854
Thicket,"8","17",30.0066341188,-29.7069987890
Thicket,"8","18",30.0024538050,-29.7045567796
Thicket,"8","19",30.0038944527,-29.7038916553
Thicket,"8","20",30.0119735227,-29.7067964389
Thicket,"8","21",30.0061832329,-29.7115498201
Thicket,"8","22",29.9893612348,-29.7022007573
Thicket,"8","23",29.9891995818,-29.6891035420
Thicket,"8","24",29.9901071200,-29.6907608760
Thicket,"8","25",29.9908093336,-29.6920258987
Thicket,"8","26",29.9877935576,-29.6905962605
Thicket,"8","27",29.9861008009,-29.6921082753
Thicket,"8","28",29.9829648403,-29.6933806352
Thicket,"8","29",29.9799683845,-29.6946044154
Thicket,"8","30",29.9762063183,-29.6950353629
Thicket,"8","31",29.9747703444,-29.6958725719
Thicket,"8","32",29.9743577784,-29.6974567505
Thicket,"8","33",29.9736656268,-29.6981645090
Thicket,"8","34",29.9728992369,-29.6987155114
Thicket,"8","35",29.9717178317,-29.6983008480
Thicket,"8","36",29.9843732798,-29.6928011291
Thicket,"8","37",29.9835368616,-29.6930577218
Thicket,"8","38",29.9870353956,-29.6908761929
Thicket,"8","39",29.9895849258,-29.6897454486
Thicket,"8","40",29.9890353738,-29.6939452788
Thicket,"8","41",29.9919938417,-29.6943226611
Thicket,"8","42",29.9857176168,-29.7006404834
Thicket,"8","43",29.9863807291,-29.7002421068
Thicket,"8","44",29.9824345040,-29.7018750081
Thicket,"8","45",29.9899356335,-29.7014686989
Thicket,"8","46",30.0007147729,-29.7014851719
Thicket,"8","47",29.9134357598,-29.6865746330
Thicket,"8","48",29.9133642076,-29.6876238562
Thicket,"8","49",29.9145701602,-29.6885133602
Thicket,"8","50",29.9143690224,-29.6892839195
Thicket,"8","51",29.9128577376,-29.6854758060
Thicket,"8","52",29.9120215430,-29.6850772912
Thicket,"8","53",29.9113901517,-29.6844337484
Thicket,"8","54",29.9138579809,-29.6947030458
Thicket,"8","55",29.9123877302,-29.6951941975
Thicket,"8","56",29.9177883101,-29.6960350386
Thicket,"8","57",29.9175103440,-29.6906018214
Thicket,"8","58",29.9195505363,-29.6913125906
Thicket,"8","59",29.9156158311,-29.6896446145
Thicket,"8","60",29.9145218845,-29.6876723825
Thicket,"8","61",29.9142390605,-29.6865976694
Thicket,"8","62",29.9182731050,-29.6827464909
Thicket,"8","63",29.9101324235,-29.6826600898
Thicket,"8","64",29.9099769279,-29.6663073465
Thicket,"8","65",29.9181285920,-29.6640509662
Thicket,"8","66",29.9186448109,-29.6652344704
Thicket,"8","67",29.9192838120,-29.6633628911
Thicket,"8","68",29.9144609265,-29.6607784194
Thicket,"8","69",29.9173721346,-29.6610443342
Thicket,"8","70",29.9152560109,-29.6588028236
Thicket,"8","71",29.9290593091,-29.6607214935
Thicket,"8","72",29.9315333736,-29.6617436033
Thicket,"8","73",29.9322512302,-29.6631126269
Thicket,"8","74",29.9312631538,-29.6610611459
Thicket,"8","75",29.9270805170,-29.6638455266
Thicket,"8","76",29.9357897330,-29.6812279016
Thicket,"8","77",29.9368449371,-29.6841638432
Thicket,"8","78",29.9353343797,-29.6838790749
Thicket,"8","79",29.9327404470,-29.6858088178
Thicket,"8","80",29.9344372543,-29.6851590093
Thicket,"8","81",29.9325125033,-29.6874660273
Thicket,"8","82",29.9376846262,-29.6857510135
Thicket,"8","83",29.9381779276,-29.6863998588
Thicket,"8","84",29.9318833918,-29.6844710217
Thicket,"8","85",29.9313049884,-29.6879204186
Thicket,"8","86",29.9296641034,-29.6896482222
Thicket,"8","87",29.9341479952,-29.6862376682
Thicket,"8","88",29.9330605493,-29.6869618901
Thicket,"8","89",29.9387870168,-29.6685916210
Thicket,"8","90",29.9387967565,-29.6692465093
Thicket,"8","91",29.9342351858,-29.6801194716
Thicket,"8","92",29.9366085945,-29.6799246090
Thicket,"8","93",29.9365407395,-29.6793975867
Thicket,"8","94",29.9334891232,-29.6827595972
Thicket,"8","95",29.9310750373,-29.6829922198
Thicket,"8","96",29.9488823731,-29.6524234950
Thicket,"8","97",29.9504247911,-29.6503313433
Thicket,"8","98",29.9439835628,-29.6507083555
Thicket,"8","99",29.9469166981,-29.6473045334
Thicket,"8","100",29.9457037805,-29.6476297497
Thicket,"8","101",29.9432546460,-29.6477455406
Thicket,"8","102",29.9447855486,-29.6496242593
Thicket,"8","103",29.9555070454,-29.6469423180
Thicket,"8","104",29.9489830506,-29.6536619295
Thicket,"8","105",29.9518879902,-29.6456315934
Thicket,"8","106",29.9561728712,-29.6464450802
Thicket,"8","107",29.9569853189,-29.6450079643
Thicket,"8","108",29.9563862552,-29.6439432847
Thicket,"8","109",29.9606287311,-29.6428863911
Thicket,"8","110",29.9627098421,-29.6435284907
Thicket,"8","111",29.9613414973,-29.6450907231
Thicket,"8","112",29.9640838542,-29.6447315030
Thicket,"8","113",29.9669608417,-29.6448146278
Thicket,"8","114",29.9674936323,-29.6438189712
Thicket,"8","115",29.9691402064,-29.6428401818
Thicket,"8","116",29.9703405238,-29.6422732595
Thicket,"8","117",29.9648154431,-29.6449980752
Thicket,"8","118",29.9625351551,-29.6447476893
Thicket,"8","119",29.9660169416,-29.6407788329
Thicket,"8","120",29.9671200334,-29.6424666151
Thicket,"8","121",29.9683530906,-29.6404791283
Thicket,"8","122",29.9715209517,-29.6407238580
Thicket,"8","123",29.9713692822,-29.6378863359
Thicket,"8","124",29.9717496831,-29.6363789393
Thicket,"8","125",29.9626838899,-29.6371706802
Thicket,"8","126",29.9619543552,-29.6391352012
Thicket,"8","127",29.9736577133,-29.6426376466
Thicket,"8","128",29.9764747804,-29.6463715991
Thicket,"8","129",29.9750502186,-29.6448746722
Thicket,"8","130",29.9780801340,-29.6523778459
Thicket,"8","131",29.9779283323,-29.6531668858
Thicket,"8","132",29.9630412704,-29.6567845827
Thicket,"8","133",29.9632636853,-29.6587364687
Thicket,"8","134",29.9698926426,-29.6429047705
Thicket,"8","135",29.9722039121,-29.6345458897
Thicket,"8","136",29.9763008554,-29.6320724145
Thicket,"8","137",29.9779452885,-29.6298357810
Thicket,"8","138",29.9822713760,-29.6282632056
Thicket,"8","139",29.9839757925,-29.6286379589
Thicket,"8","140",29.9851300286,-29.6266312663
Thicket,"8","141",29.9826521108,-29.6250846177
Thicket,"8","142",29.9871034991,-29.6169765206
Thicket,"8","143",29.9887034788,-29.6172110035
Thicket,"8","144",29.9851949171,-29.6188282576
Thicket,"8","145",29.9861973806,-29.6192645365
Thicket,"8","146",29.9805747255,-29.6193691621
Thicket,"8","147",29.9809934174,-29.6202056627
Thicket,"8","148",29.9791317772,-29.6198186807
Thicket,"8","149",29.9815407194,-29.6183833003
Thicket,"8","150",29.9875715060,-29.6207946487
Thicket,"8","151",29.9846815698,-29.6277839832
Thicket,"8","152",29.9804952759,-29.6292995261
Thicket,"8","153",29.9892282154,-29.6456240386
Thicket,"8","154",29.9874254763,-29.6468838031
Thicket,"8","155",29.9840529541,-29.6491932004
Thicket,"8","156",29.9941244466,-29.6476131223
Thicket,"8","157",29.9958520559,-29.6460586751
Thicket,"8","158",30.0976412822,-29.5915225615
Thicket,"8","159",30.0979021192,-29.5903308251
Thicket,"8","160",30.0991002291,-29.5927217702
Thicket,"8","161",30.0990257908,-29.5906741494
Thicket,"8","162",30.1026853294,-29.5891991782
Thicket,"8","163",30.1010112725,-29.5894899614
Thicket,"8","164",30.1071256315,-29.5812585343
Thicket,"8","165",30.1034537868,-29.5788653615
Thicket,"8","166",30.0995422676,-29.5791718776
Thicket,"8","167",30.1021966713,-29.5804359428
Thicket,"8","168",30.1015736706,-29.5775794732
Thicket,"8","169",30.1022273946,-29.5767753529
Thicket,"8","170",30.1005404946,-29.5783839126
Thicket,"8","171",30.1009130313,-29.5756956435
Thicket,"8","172",30.0945603619,-29.5709176680
Thicket,"8","173",30.0946522546,-29.5721817349
Thicket,"8","174",30.0954925575,-29.5727773166
Thicket,"8","175",30.0960116782,-29.5734046307
Thicket,"8","176",30.0944963468,-29.5731517830
Thicket,"8","177",30.0928743551,-29.5736977486
Thicket,"8","178",30.0962844629,-29.5740308598
Thicket,"8","179",30.0934999843,-29.5719842064
Thicket,"8","180",30.0918362210,-29.5789687284
Thicket,"8","181",30.0924766483,-29.5806927812
Thicket,"8","182",30.0926671312,-29.5819547006
Thicket,"8","183",30.0890367321,-29.5765856785
Thicket,"8","184",30.0909755116,-29.5790833868
Thicket,"8","185",30.0933278462,-29.5778168952
Thicket,"8","186",30.0924645913,-29.5835181352
Thicket,"8","187",30.0858612200,-29.5862591561
Thicket,"8","188",30.0852130270,-29.5882349005
Thicket,"8","189",30.0843354040,-29.5859370371
Thicket,"8","190",30.0801888417,-29.5842995052
Thicket,"8","191",30.0738883420,-29.5794398711
Thicket,"8","192",30.0793276194,-29.5767341226
Thicket,"8","193",30.0755920241,-29.5723100641
Thicket,"8","194",30.0768622893,-29.5709769409
Thicket,"8","195",30.0787868206,-29.5701923166
Thicket,"8","196",30.0811959241,-29.5703745491
Thicket,"8","197",30.0783635863,-29.5643594964
Thicket,"8","198",30.0800272814,-29.5647579274
Thicket,"8","199",30.0813112016,-29.5646569505
Thicket,"8","200",30.0799163281,-29.5617661996
Thicket,"8","201",30.0857636789,-29.5660814582
Thicket,"8","202",30.0834276680,-29.5554771630
Thicket,"8","203",30.0830580438,-29.5594231774
Thicket,"8","204",30.0858949684,-29.5580813005
Thicket,"8","205",30.0818279842,-29.5573113883
Thicket,"8","206",30.0880426393,-29.5556904761
Thicket,"8","207",30.0832604796,-29.5540951406
Thicket,"8","208",30.0937761717,-29.5467792867
Thicket,"8","209",30.0949616462,-29.5466673962
Thicket,"8","210",30.0941703377,-29.5512503439
Thicket,"8","211",30.0951276590,-29.5515383524
Thicket,"8","212",30.0922463184,-29.5534092746
Thicket,"8","213",30.0928767367,-29.5537590564
Thicket,"8","214",30.0912896819,-29.5555032278
Thicket,"8","215",30.0752838475,-29.5477946119
Thicket,"8","216",30.0735359720,-29.5475924157
Thicket,"8","217",30.0674558978,-29.5443957509
Thicket,"8","218",30.0648364785,-29.5481024542
Thicket,"8","219",30.0662879260,-29.5476521182
Thicket,"8","220",30.0676174802,-29.5473282927
Thicket,"8","221",30.0677281118,-29.5527062610
Thicket,"8","222",30.0542551332,-29.5541287227
Thicket,"8","223",30.0524504765,-29.5417159941
Thicket,"8","224",30.0572958731,-29.5449570292
Thicket,"8","225",30.0589486149,-29.5455492929
Thicket,"8","226",30.0575975164,-29.5472961139
Thicket,"8","227",30.0626321977,-29.5382653511
Thicket,"8","228",30.0630396244,-29.5387395526
Thicket,"8","229",30.0636523080,-29.5392699799
Thicket,"8","230",30.0620199383,-29.5402740854
Thicket,"8","231",30.0615939203,-29.5406975422
Thicket,"8","232",30.0668728766,-29.5408336458
Thicket,"8","233",30.0701043319,-29.5407434669
Thicket,"8","234",30.2874729935,-29.2448728603
Thicket,"8","235",30.2931299873,-29.2452137406
Thicket,"8","236",30.2849714201,-29.2444601936
Thicket,"8","237",30.2957009370,-29.2600698837
Thicket,"8","238",30.2976833844,-29.2569824694
Thicket,"8","239",30.2912105577,-29.2643600196
Thicket,"8","240",30.2904337229,-29.2653135362
Thicket,"8","241",30.2914208892,-29.2619734097
Thicket,"8","242",30.2637055293,-29.2648752614
Thicket,"8","243",30.3102072782,-29.2708923977
Thicket,"8","244",30.3441822077,-29.2429813343
Thicket,"8","245",30.3510525232,-29.2321290502
Thicket,"8","246",30.3545973192,-29.2300797094
Thicket,"8","247",30.3350264783,-29.2377619595
Thicket,"8","248",30.3267365957,-29.2389469453
Thicket,"8","249",30.3278077324,-29.2385548024
Thicket,"8","250",30.3129669724,-29.2533005401
Thicket,"8","251",30.4581587247,-29.3260892209
Thicket,"8","252",30.4607948045,-29.3277355934
Thicket,"8","253",30.4730821388,-29.3210995164
Thicket,"8","254",30.4684598241,-29.3225434476
Thicket,"8","255",30.4651321038,-29.3196433353
Thicket,"8","256",30.4780704600,-29.3221567795
Thicket,"8","257",30.4489875335,-29.2610689129
Thicket,"8","258",30.4506439858,-29.2599502518
Thicket,"8","259",30.4536525424,-29.2583920631
Thicket,"8","260",30.4920318484,-29.2392623993
Thicket,"8","261",30.4892412983,-29.2711470167
Thicket,"8","262",30.4904072475,-29.2698829205
Thicket,"8","263",30.4905141211,-29.2691288327
Thicket,"8","264",30.4896029995,-29.3140540407
Thicket,"8","265",30.4951895641,-29.2776305939
Thicket,"8","266",30.4955495120,-29.2785873122
Thicket,"8","267",30.4953040211,-29.2750542572
Thicket,"8","268",30.4954039344,-29.2757928406
Thicket,"8","269",30.4973996628,-29.2764700280
Thicket,"8","270",30.4919420241,-29.2756955596
Thicket,"8","271",30.5003151689,-29.2716132221
Thicket,"8","272",30.5016299080,-29.2714988803
Thicket,"8","273",30.5046138574,-29.2715449696
Thicket,"8","274",30.5026604922,-29.2707943665
Thicket,"8","275",30.5029812182,-29.2673042097
Thicket,"8","276",30.5015468563,-29.2674906473
Thicket,"8","277",30.5085473499,-29.2461177218
Thicket,"8","278",30.5090982058,-29.2468000827
Thicket,"8","279",30.5115459728,-29.2339595910
Thicket,"8","280",30.5100668811,-29.2323616755
Thicket,"8","281",30.5113866597,-29.2320178930
Thicket,"8","282",30.5138994374,-29.2313925545
Thicket,"8","283",30.5064266388,-29.2299544208
Thicket,"8","284",30.5100972741,-29.2289759237
Thicket,"8","285",30.5124987607,-29.2286845830
Thicket,"8","286",30.5181135148,-29.2271280866
Thicket,"8","287",30.5193954919,-29.2271260297
Thicket,"8","288",30.5103529916,-29.2232808116
Thicket,"8","289",30.5224002461,-29.2267148348
Thicket,"8","290",30.5190871297,-29.2354811171
Thicket,"8","291",30.5160805930,-29.2472386315
Thicket,"8","292",30.5093036367,-29.2762434315
Water,"2","0",30.2519696395,-29.2386579387
Water,"2","1",30.2581428902,-29.2400329046
Water,"2","2",30.2582073356,-29.2404829480
Water,"2","3",30.2630719125,-29.2314631579
Water,"2","4",30.2623279719,-29.2278220376
Water,"2","5",30.2523950779,-29.2422944849
Water,"2","6",30.2527661136,-29.2442543032
Water,"2","7",30.2520738982,-29.2477086215
Water,"2","8",30.2560661393,-29.2550153209
Water,"2","9",30.2316871509,-29.2379898259
Water,"2","10",30.2799440882,-29.2727189092
Water,"2","11",30.2815865348,-29.2733403362
Water,"2","12",30.2804219049,-29.2751115189
Water,"2","13",30.2999720846,-29.2714696914
Water,"2","14",30.2988301407,-29.2634468667
Water,"2","15",30.3165682174,-29.2561140682
Water,"2","16",30.3287644426,-29.2426385634
Water,"2","17",30.2570161441,-29.2322029357
Water,"2","18",30.2614720321,-29.2311492918
Water,"2","19",30.4579987311,-29.2638731021
Water,"2","20",30.4743133025,-29.2645023707
Water,"2","21",30.4733285040,-29.2629259799
Water,"2","22",30.4817012194,-29.2587718355
Water,"2","23",30.1010309122,-29.5490658295
Water,"2","24",30.0996386453,-29.5494892504
Water,"2","25",30.0979740390,-29.5511856793
Water,"2","26",30.0923210114,-29.5593005214
Water,"2","27",30.0926653277,-29.5597386855
Water,"2","28",29.9735075157,-29.6523449666
Water,"2","29",29.9740913930,-29.6533509911
Water,"2","30",29.9737728652,-29.6528486608
Water,"2","31",29.9713833145,-29.6544725858
Water,"2","32",29.9709635840,-29.6550818039
Water,"2","33",29.9721915784,-29.6552800549
Water,"2","34",29.9733387195,-29.6684251727
Water,"2","35",29.9745543924,-29.6682518382
Water,"2","36",29.9378869859,-29.6760103914
Water,"2","37",29.9385530991,-29.6764383325
Water,"2","38",29.9380806299,-29.6768296295
Water,"2","39",29.9715631239,-29.6550723074
Water,"2","40",30.0998486270,-29.5489523351
Water,"2","41",30.0992409247,-29.5504036933
Water,"2","42",30.2813911285,-29.2746103219
Water,"2","43",30.2609276006,-29.2310581912
Water,"2","44",30.2571972653,-29.2324671173
Water,"2","45",30.2573266305,-29.2320262083
Water,"2","46",30.3248059409,-29.2385929795
Water,"2","47",30.3337325701,-29.2388358415
Water,"2","48",30.3421347078,-29.2427633146
Water,"2","49",30.3295802560,-29.2207364575
Water,"2","50",30.3297629380,-29.2214003157
Water,"2","51",30.3291065659,-29.2222227819
Water,"2","52",30.3155685157,-29.2189446023
Water,"2","53",30.3147860836,-29.2191867830
Water,"2","54",30.4727909518,-29.2636147432
Water,"2","55",30.4747760597,-29.2637451309
Water,"2","56",30.4732058559,-29.2649224504
Water,"2","57",30.4738135382,-29.2636547178
Water,"2","58",30.4813059908,-29.2589371843
Water,"2","59",30.4819896629,-29.2584033035
Water,"2","60",30.4697423593,-29.2803829400
Water,"2","61",30.4708251142,-29.2798979527
Water,"2","62",30.2798966287,-29.2747320416
Water,"2","63",30.2807076747,-29.2729846107
Water,"2","64",30.2798257295,-29.2720795169
Water,"2","65",30.4731401736,-29.2623318072
Water,"2","66",30.4821491772,-29.2588550725
Water,"2","67",30.4581028294,-29.2635888063
Water,"2","68",30.4579391185,-29.2642614070
Water,"2","69",30.2520363473,-29.2391048069
Water,"2","70",30.2602931758,-29.2309239821
Water,"2","71",30.0926450836,-29.5594159205
Water,"2","72",30.0990914182,-29.5497532021
Water,"2","73",30.1005834552,-29.5493474378
Water,"2","74",30.0982930096,-29.5510663014
Water,"2","75",30.0995379307,-29.5500208167
Water,"2","76",29.9820802803,-29.6366111064
Water,"2","77",29.9737934427,-29.6524572137
Water,"2","78",29.9740764344,-29.6530618682
Water,"2","79",29.9710292727,-29.6546630270
Water,"2","80",29.9739391283,-29.6684878843
Water,"2","81",29.9758109382,-29.6686853501
Water,"2","82",29.9712801512,-29.6779001154
Water,"2","83",29.9717669572,-29.6781097873
Water,"2","84",29.9720568023,-29.6779952322
Water,"2","85",29.9725586584,-29.6780969529
Water,"2","86",29.9726088485,-29.6782940586
Water,"2","87",29.9378246175,-29.6765091493
Water,"2","88",29.9384123302,-29.6760173841
Water,"2","89",29.9381995071,-29.6764146856
Water,"2","90",29.9379479469,-29.6755580113
Water,"2","91",29.9379636937,-29.6752335030
Water,"2","92",30.0993659481,-29.5492280126
Water,"2","93",30.2813362694,-29.2739051726
Water,"2","94",30.2807447817,-29.2744707971
Water,"2","95",30.3295458433,-29.2225152408
Water,"2","96",30.4735401131,-29.2642478945
Water,"2","97",30.4716746013,-29.2805227015
Water,"2","98",30.4702805867,-29.2801485804
Water,"2","99",30.4705693775,-29.2807887653
Water,"2","100",30.4715166774,-29.2798305585
Water,"2","101",30.4714093532,-29.2803362980
Water,"2","102",30.4707229465,-29.2804327322
Water,"2","103",30.4728119215,-29.2629103570
Water,"2","104",30.4577601573,-29.2636950145
Water,"2","105",30.4821726384,-29.2585598193
Water,"2","106",30.4816880574,-29.2583712137
Water,"2","107",30.3422809237,-29.2444039521
Water,"2","108",30.3424781497,-29.2437250427
Water,"2","109",30.3420466454,-29.2434275703
Water,"2","110",30.3413370056,-29.2446215401
Water,"2","111",30.3169224734,-29.2554833170
Water,"2","112",30.3173046281,-29.2551845963
Water,"2","113",30.3124452065,-29.2533842495
Water,"2","114",30.2795380432,-29.2739204076
Water,"2","115",30.2803507369,-29.2733942139
Water,"2","116",30.2822548524,-29.2731265886
Water,"2","117",30.2816259119,-29.2723696979
Water,"2","118",30.2807723623,-29.2721772409
Water,"2","119",30.2576139480,-29.2318820827
Water,"2","120",30.2617867826,-29.2313723658
Water,"2","121",30.2609308180,-29.2308164591
Water,"2","122",30.2604088368,-29.2307422951
Water,"2","123",30.3152618385,-29.2190195234
Water,"2","124",30.3150194969,-29.2194151605
Water,"2","125",30.3299220823,-29.2217796076
Water,"2","126",30.0922477757,-29.5595330440
Water,"2","127",29.9738862010,-29.6531881435
Water,"2","128",29.9711792997,-29.6542378285
Water,"2","129",29.9719586359,-29.6549820949
Water,"2","130",29.9716545023,-29.6547650845
Water,"2","131",29.9716051953,-29.6554072575
Water,"2","132",29.9745849169,-29.6686717687
Water,"2","133",29.9752352313,-29.6682905795
Water,"2","134",29.9755487837,-29.6689476063
Water,"2","135",29.9746637504,-29.6692184057
Water,"2","136",29.9760841299,-29.6696447072
Water,"2","137",29.9724454577,-29.6782745475
Water,"2","138",29.9384868923,-29.6757160994
Water,"2","139",30.0929473519,-29.5597399328
Water,"2","140",29.9378773260,-29.6747636910
Water,"2","141",30.3295649185,-29.2475629214
Water,"2","142",29.9202470872,-29.6710953321
Water,"2","143",29.9210069798,-29.6714058779
Water,"2","144",29.9205923829,-29.6723868358
Water,"2","145",29.9213674219,-29.6731714974
Water,"2","146",29.9210929163,-29.6740868027
Water,"2","147",29.9206861577,-29.6741634821
Water,"2","148",29.9216553164,-29.6747286956
Water,"2","149",29.9207954636,-29.6731668108
Water,"2","150",29.9212338588,-29.6723759118
Water,"2","151",29.9205029782,-29.6714372263
Water,"2","152",29.9212928531,-29.6720585688
Water,"2","153",29.9207661027,-29.6718654275
Water,"2","154",29.9148725864,-29.6729944770
Water,"2","155",29.9155534913,-29.6729844996
Water,"2","156",29.9151935153,-29.6734671046
Water,"2","157",29.9145446695,-29.6737190159
Water,"2","158",29.9141756184,-29.6741755645
Water,"2","159",29.9144845858,-29.6747168261
Water,"2","160",29.9148396978,-29.6747164876
Water,"2","161",29.9148895207,-29.6740543795
Water,"2","162",29.9147349802,-29.6733013704
Water,"2","163",29.9214292175,-29.6737328386
Water,"2","164",29.9141925165,-29.6737840268
Water,"2","165",29.9210540996,-29.6745510512
Water,"2","166",29.9208458832,-29.6736159067
Water,"2","167",29.9214733340,-29.6714770191
Water,"2","168",29.9751140365,-29.6689575647
Water,"2","169",29.9741153940,-29.6690381180
Water,"2","170",29.9758235383,-29.6693097218
Water,"2","171",29.9713123716,-29.6549502353
Water,"2","172",29.9735697065,-29.6530119641
Water,"2","173",29.9735221753,-29.6526232415
Water,"2","174",29.9737163074,-29.6533857218
Water,"2","175",30.0924022021,-29.5597709315
Water,"2","176",30.0925473435,-29.5595199770
Water,"2","177",30.1000873068,-29.5492783155
Water,"2","178",30.1007263297,-29.5489821416
Water,"2","179",30.2794166808,-29.2732578677
Water,"2","180",30.2789742778,-29.2740070366
Water,"2","181",30.2803392260,-29.2740434577
Water,"2","182",30.2826399286,-29.2736250446
Water,"2","183",30.2810032467,-29.2753148739
Water,"2","184",30.2809705202,-29.2735824486
Water,"2","185",30.2794030046,-29.2745154829
Water,"2","186",30.3417688941,-29.2439700046
Water,"2","187",30.3426798392,-29.2440742822
Water,"2","188",30.3424093144,-29.2431383770
Water,"2","189",30.3418673272,-29.2443424495
Water,"2","190",30.3294625398,-29.2217195271
Water,"2","191",30.3153141025,-29.2192735699
Water,"2","192",30.2520950022,-29.2383221135
Water,"2","193",30.2523979747,-29.2378286355
Water,"2","194",30.2576021365,-29.2321070302
Water,"2","195",30.4710687532,-29.2801309307
Water,"2","196",30.4711003332,-29.2806442045
Water,"2","197",30.4702896482,-29.2804392885
Water,"2","198",30.4716982004,-29.2801126924
Water,"2","199",30.4580684440,-29.2640644575
Water,"2","200",30.4741092681,-29.2632055187
Water,"2","201",30.4733931925,-29.2635538667
Water,"2","202",30.4737730915,-29.2648879809
Water,"2","203",30.4748211379,-29.2642270993
Water,"2","204",30.4818534021,-29.2585609748
Water,"2","205",30.4816022181,-29.2589870629
Water,"2","206",30.4814762780,-29.2587132705
